workload id,k1,k2,k3,k4,k5,k6,k7,k8,s1,s2,s3,s4,latency,driver.jvm.PS-MarkSweep.count.avg_increase,driver.jvm.non-heap.usage.avg,executor.deserializeTime.avg,worker_1.Disk_Read_KB/s.sdd,worker_1.Paging_and_Virtual_Memory.pgscan_kswapd_normal,worker_2.Disk_Read_KB/s.sdh,worker_2.Disk_Write_KB/s.sdi,worker_2.Paging_and_Virtual_Memory.pginodesteal,worker_2.Paging_and_Virtual_Memory.pgscan_kswapd_normal
156.0,48.0,4.0,4.0,8.0,48.0,200.0,1.0,0.6,10000.0,128.0,10.0,200.0,5.99525,0.0,-219446428.5,30488.2421875,0.0,0.0,334.85,42.00223214285714,0.0,0.0
156.0,216.0,36.0,2.0,4.0,48.0,200.0,1.0,0.6,20000.0,128.0,10.0,200.0,3.4555,0.0,-166337916.13333333,2501.1178571428572,1.325,0.0,381.6808333333333,177.65249999999997,0.0,0.0
156.0,72.0,12.0,2.0,4.0,480.0,200.0,1.0,0.6,10000.0,128.0,10.0,200.0,5.29225,0.0,-165663922.64285713,1967.8497023809525,0.0,0.0,0.0,71.93883928571428,0.0,0.0
156.0,72.0,12.0,2.0,4.0,48.0,200.0,1.0,0.6,10000.0,128.0,10.0,200.0,5.223750000000001,0.0,-166425595.2857143,2026.4791666666665,0.5678571428571428,0.0,0.0,71.23616071428572,0.0,0.0
156.0,216.0,36.0,2.0,4.0,48.0,200.0,1.0,0.6,10000.0,128.0,10.0,200.0,3.718416666666666,0.0,-170894065.25079367,3233.181916099773,0.1880952380952381,0.0,978.6851190476193,166.21785714285716,0.0,0.0
161.0,144.0,18.0,4.0,8.0,48.0,200.0,1.0,0.6,10000.0,128.0,10.0,200.0,8.33325,0.0,-228922948.23636356,36544.24042207792,0.0,0.0,0.0,58.41909090909091,0.0,0.0
161.0,144.0,18.0,4.0,8.0,48.0,200.0,1.0,0.6,1000.0,128.0,10.0,200.0,8.26925,0.0,-168076050.87272727,3739.125811688312,0.0,0.0,0.0,63.94045454545454,0.0,0.0
161.0,96.0,8.0,4.0,8.0,48.0,95.0,1.0,0.6,10000.0,128.0,10.0,200.0,10.18625,0.0,-198190396.5909091,26962.746448863643,0.0,0.0,741.7571969696968,36.76117424242425,0.0,0.0
161.0,96.0,8.0,4.0,8.0,48.0,200.0,1.0,0.6,10000.0,128.0,10.0,200.0,10.67525,0.0,-194923253.30769232,22600.590344551278,0.0,0.0,0.0,38.43125000000001,0.0,0.0
161.0,12.0,2.0,2.0,4.0,48.0,200.0,1.0,0.6,10000.0,128.0,10.0,200.0,69.5385,0.0,-167344704.51310158,4366.294442358387,0.2240112778117984,0.0,22.475425486723708,10.523239810156145,0.0,0.0
178.0,72.0,6.0,4.0,8.0,48.0,200.0,1.0,0.6,10000.0,128.0,100.0,200.0,11.738,0.0,-169252657.70329672,3189.550824175824,0.2839285714285714,0.0,0.0,40.76057692307693,0.0,0.0
178.0,24.0,3.0,4.0,8.0,48.0,200.0,1.0,0.6,10000.0,256.0,10.0,200.0,20.1515,0.0,-168529215.5652174,3939.6408102766804,0.0,0.0,0.0,16.170899209486166,0.0,0.0
178.0,24.0,3.0,4.0,8.0,48.0,200.0,1.0,0.6,10000.0,128.0,10.0,200.0,19.68825,0.0,-196494116.54545456,35895.280303030304,0.0,0.0,254.8386363636364,14.493181818181816,0.0,0.0
178.0,16.0,4.0,2.0,4.0,48.0,200.0,1.0,0.6,50000.0,128.0,10.0,200.0,27.38125,0.0,-169434124.70344833,2479.4897988505745,0.1325,0.0,0.0,17.28896551724138,0.0,0.0
178.0,16.0,4.0,2.0,4.0,48.0,200.0,1.0,0.6,10000.0,128.0,10.0,200.0,28.05525,0.0,-169439793.53333333,2499.09375,0.0,0.0,0.0,17.02005747126437,0.0,0.0
184.0,216.0,24.0,3.0,6.0,48.0,200.0,1.0,0.6,10000.0,32.0,10.0,200.0,37.21424999999999,0.0,-171930605.64777333,7450.201566951569,0.0,0.0,0.0,27.66476045883941,0.0,0.0
184.0,36.0,4.0,3.0,6.0,48.0,200.0,1.0,0.6,10000.0,512.0,10.0,200.0,120.334,0.0,-171775365.7704918,17984.117827868853,0.0,0.0,0.0,9.34071094702615,0.0,0.0
184.0,8.0,2.0,2.0,4.0,48.0,200.0,1.0,0.6,10000.0,512.0,10.0,200.0,341.53625,0.25,-176861040.43215618,33211.5870626785,0.0,0.0,0.0,4.072564273212207,0.0,0.0
184.0,36.0,4.0,3.0,6.0,48.0,200.0,1.0,0.6,10000.0,128.0,10.0,200.0,120.81125,0.0,-171628719.09314123,17828.680435554274,0.0,0.0,0.0,8.557024339024721,0.0,0.0
184.0,8.0,2.0,2.0,4.0,48.0,200.0,1.0,0.6,10000.0,128.0,10.0,200.0,355.9445,0.25,-171188852.19323832,33519.884302606835,0.0,0.0,0.0,6.516872143822702,0.0,0.0
190.0,144.0,36.0,2.0,4.0,48.0,200.0,1.0,0.6,10000.0,128.0,100.0,200.0,31.457,0.25,-171942879.50204247,5250.246381886087,0.11691176470588235,0.0,0.0,34.467187499999994,0.0,0.0
190.0,36.0,3.0,4.0,8.0,48.0,200.0,1.0,0.6,10000.0,128.0,10.0,200.0,33.41425,0.0,-195046048.55555552,46946.76044973546,0.0,0.0,2651.070773809524,9.522261904761905,0.0,0.0
190.0,144.0,36.0,2.0,4.0,48.0,200.0,1.0,0.6,10000.0,128.0,10.0,200.0,25.16875,0.0,-172364897.30313388,5338.460589641839,0.0,0.0,0.0,31.15935185185185,0.0,0.0
190.0,16.0,2.0,4.0,8.0,48.0,200.0,1.0,0.6,10000.0,128.0,10.0,200.0,44.44125,0.0,-170836820.25531915,26221.425705365404,0.0,0.0,0.0,10.145201973481344,0.0,0.0
190.0,36.0,3.0,4.0,8.0,480.0,200.0,1.0,0.6,10000.0,128.0,10.0,200.0,34.15525,0.0,-170381024.38888893,19077.1875,0.0,0.0,0.0,13.806944444444444,0.0,0.0
200.0,16.0,2.0,4.0,8.0,48.0,15.0,1.0,0.6,10000.0,128.0,10.0,200.0,25.539,0.0,-227792781.3862434,186141.1742724868,0.0,0.0,1242.5669642857142,11.71875,0.0,0.0
200.0,16.0,2.0,4.0,8.0,48.0,200.0,1.0,0.6,10000.0,128.0,10.0,200.0,32.8835,0.0,-177148136.11209714,14793.284481483013,0.12045454545454545,0.0,0.0,12.445493086669554,0.0,0.0
200.0,64.0,8.0,4.0,8.0,48.0,200.0,1.0,0.6,10000.0,512.0,10.0,200.0,19.892083333333336,0.0,-184099633.51486424,14101.015353418232,0.0,0.0,1002.7258783796614,19.498878836171453,0.0,0.0
200.0,36.0,6.0,2.0,4.0,48.0,200.0,1.0,0.6,10000.0,128.0,10.0,200.0,29.951583333333332,0.0,-184589083.9898584,13315.589984311888,0.0,0.0,1027.4318617136937,16.189708537669713,0.0,0.0
200.0,36.0,6.0,2.0,4.0,24.0,200.0,1.0,0.6,10000.0,128.0,10.0,200.0,24.37758333333333,0.0,-184203203.20335332,14083.505418927849,0.0,0.0,0.0,15.420691634452504,0.0,0.0
218.0,64.0,8.0,4.0,8.0,48.0,200.0,1.0,0.6,10000.0,128.0,10.0,64.0,7.0035000000000025,0.0,-175112034.52777776,3633.760416666666,0.0,0.0,1041.2444444444445,55.34444444444443,0.0,0.0
218.0,64.0,8.0,4.0,8.0,48.0,200.0,1.0,0.6,10000.0,128.0,10.0,200.0,7.6,0.0,-210455814.86666667,50717.20416666667,0.0,0.0,0.0,48.719722222222224,0.0,0.0
218.0,32.0,8.0,2.0,4.0,48.0,200.0,1.0,0.6,10000.0,128.0,10.0,200.0,13.379,0.0,-170747626.45000002,2644.954296875,0.0,0.0,0.0,32.191250000000004,0.0,0.0
218.0,96.0,16.0,2.0,4.0,48.0,200.0,1.0,0.6,10000.0,128.0,10.0,200.0,9.32125,0.0,-170514981.66666666,2378.1039299242425,0.0,0.0,1127.153409090909,74.29469696969697,0.0,0.0
218.0,96.0,16.0,2.0,4.0,96.0,200.0,1.0,0.6,10000.0,128.0,10.0,200.0,12.41475,0.0,-170827831.75604394,2553.5679945054944,0.0,0.0,0.0,50.377115384615394,0.0,0.0
221.0,24.0,3.0,4.0,8.0,48.0,23.0,1.0,0.6,10000.0,128.0,10.0,200.0,34.8075,0.0,-230059461.28454468,131700.20516917293,0.0,0.0,0.0,11.016660401002508,0.0,0.0
221.0,24.0,3.0,4.0,8.0,48.0,200.0,1.0,0.6,10000.0,128.0,10.0,200.0,33.234,0.0,-213348866.08794624,118624.04807313994,0.0,0.0,830.6922814191196,10.26066618088677,0.0,0.0
221.0,24.0,4.0,2.0,4.0,12.0,200.0,1.0,0.6,10000.0,128.0,10.0,200.0,37.507,0.0,-165919056.41282052,2294.2425080128205,0.0,0.0,0.0,10.592772435897436,0.0,0.0
221.0,216.0,36.0,2.0,4.0,384.0,200.0,1.0,0.6,10000.0,128.0,10.0,200.0,8.41925,0.0,-165991242.8,2405.608035714286,0.3975,0.0,0.0,89.01749999999998,0.0,0.0
221.0,24.0,4.0,2.0,4.0,48.0,200.0,1.0,0.6,10000.0,128.0,10.0,200.0,38.71225,0.0,-165225593.51219508,2346.905487804879,0.0,0.0,0.0,10.815853658536588,0.0,0.0
238.0,72.0,6.0,4.0,8.0,48.0,200.0,1.0,0.6,10000.0,128.0,10.0,200.0,35.35125,0.0,-212536013.85348505,67255.01351351349,0.0,0.0,1015.6162162162162,11.736486486486484,0.0,0.0
238.0,216.0,24.0,3.0,6.0,48.0,200.0,1.0,0.6,10000.0,128.0,10.0,200.0,16.643,0.0,-204461639.73099416,44354.33211500975,0.0,0.0,1055.8524122807016,32.24736842105263,0.0,0.0
238.0,72.0,6.0,4.0,8.0,48.0,200.0,1.0,0.6,10000.0,64.0,10.0,200.0,35.43525,0.0,-168820395.62550607,3406.4628177013037,0.0,0.0,0.0,15.090449280251914,0.0,0.0
238.0,48.0,8.0,3.0,6.0,24.0,200.0,1.0,0.6,10000.0,128.0,10.0,200.0,29.98425,0.25,-199063398.92424244,30537.270389441284,0.0,0.0,188.05703125,14.94050662878788,0.0,0.0
238.0,216.0,24.0,3.0,6.0,48.0,200.0,1.0,0.6,10000.0,128.0,100.0,200.0,17.262500000000006,0.0,-169482231.2631579,2981.919590643275,0.0,0.0,969.7552631578948,30.51973684210527,0.0,0.0
241.0,36.0,3.0,4.0,8.0,48.0,200.0,1.0,0.6,10000.0,128.0,10.0,200.0,6.774,0.0,-212838210.72222224,94551.77083333331,0.0,0.0,4641.571874999999,34.51076388888889,0.0,0.0
241.0,72.0,6.0,4.0,8.0,48.0,200.0,1.0,0.6,10000.0,128.0,10.0,200.0,3.66075,0.0,-214185895.3333333,69882.2138888889,0.0,0.0,1070.7533333333333,70.35,0.0,0.0
241.0,24.0,2.0,4.0,8.0,48.0,200.0,1.0,0.6,5000.0,128.0,10.0,200.0,9.157,0.0,-167733121.03030303,6991.666666666666,1.4477272727272723,0.0,528.5295454545455,42.308522727272724,0.0,0.0
241.0,36.0,3.0,4.0,8.0,48.0,200.0,1.0,0.6,20000.0,128.0,10.0,200.0,6.5505,0.0,-168256192.52777776,5786.848379629631,0.496875,0.0,456.4402777777778,43.234375,0.0,0.0
241.0,24.0,2.0,4.0,8.0,48.0,200.0,1.0,0.6,10000.0,128.0,10.0,200.0,10.71925,0.0,-226790356.79487184,89724.57131410256,0.9192307692307692,0.0,917.8104166666666,24.55,0.0,0.0
255.0,36.0,3.0,4.0,8.0,48.0,200.0,1.0,0.6,10000.0,128.0,10.0,200.0,30.431,0.0,-215734559.57380253,110928.62821766047,0.0,0.0,884.3808651026393,13.252223851417401,0.0,0.0
255.0,36.0,4.0,3.0,6.0,48.0,200.0,1.0,0.6,1000.0,128.0,10.0,200.0,30.65025,0.0,-182381185.4671561,12764.242802491233,0.0,0.0,42.584677419354854,17.980888237809783,0.0,0.0
255.0,36.0,3.0,4.0,8.0,48.0,200.0,1.0,0.6,10000.0,32.0,10.0,200.0,30.937,0.0,-187702225.5151515,20061.3391729798,0.0,0.0,144.41666666666666,13.956368371212122,0.0,0.0
255.0,36.0,4.0,3.0,6.0,48.0,200.0,1.0,0.6,10000.0,128.0,10.0,200.0,30.934,0.0,-182257371.79924244,13584.113350880125,0.0,0.0,0.0,18.02838680926916,0.0,0.0
255.0,48.0,12.0,2.0,4.0,48.0,200.0,1.0,0.6,10000.0,128.0,10.0,200.0,19.288833333333333,0.0,-190368746.4256854,14735.953282828285,0.0,0.0,999.2673106060606,28.058241341991344,0.0,0.0
267.0,144.0,24.0,3.0,6.0,48.0,143.0,1.0,0.6,10000.0,128.0,10.0,200.0,5.314,0.0,-235474976.96428573,51419.04042658732,0.0,0.0,0.0,82.09196428571428,0.0,0.0
267.0,48.0,12.0,2.0,4.0,48.0,200.0,1.0,0.6,10000.0,128.0,300.0,200.0,8.37475,0.0,-181253173.67272732,6679.8310606060595,0.0,0.0,0.0,50.46113636363637,0.0,0.0
267.0,32.0,8.0,2.0,4.0,48.0,200.0,1.0,0.6,10000.0,128.0,10.0,200.0,12.2905,0.0,-180740605.5619048,8047.48705357143,0.0,0.0,0.0,24.49166666666667,0.0,0.0
267.0,48.0,12.0,2.0,4.0,48.0,200.0,1.0,0.6,10000.0,128.0,10.0,200.0,8.775833333333333,0.0,-186944978.13434345,13259.54175084175,0.0,0.0,1019.9714646464647,43.074255050505045,0.0,0.0
267.0,32.0,8.0,2.0,4.0,48.0,200.0,1.0,0.65,10000.0,128.0,10.0,200.0,17.021,0.0,-180038509.33216375,7960.044206871346,0.0,0.0,0.0,19.949890350877194,0.0,0.0
272.0,24.0,4.0,3.0,6.0,48.0,200.0,1.0,0.6,10000.0,64.0,10.0,200.0,20.7685,0.0,-170644293.95619234,123744.98715415019,0.0,0.0,116.0945652173913,15.358695652173916,0.0,0.0
272.0,24.0,4.0,3.0,6.0,48.0,200.0,1.0,0.6,10000.0,128.0,10.0,200.0,20.7415,0.0,-160808790.2806324,122514.82500617587,0.0,0.0,0.0,16.79298418972332,0.0,0.0
272.0,16.0,2.0,4.0,8.0,48.0,200.0,1.0,0.5,10000.0,128.0,10.0,200.0,29.46175,0.0,-159990102.4717742,244935.7701612903,0.0,0.0,0.0,12.176612903225806,0.0,0.0
272.0,32.0,8.0,2.0,4.0,48.0,200.0,1.0,0.6,10000.0,128.0,10.0,200.0,16.98075,0.0,-160720488.17151704,62275.418827936875,0.0,0.0,0.0,20.861919934640525,0.0,0.0
272.0,16.0,2.0,4.0,8.0,48.0,200.0,1.0,0.6,10000.0,128.0,10.0,200.0,32.0695,0.0,-159873643.7400475,241710.04942810448,0.0,0.0,0.0,10.457338086749852,0.0,0.0
287.0,144.0,36.0,2.0,4.0,48.0,200.0,1.0,0.6,5000.0,128.0,10.0,200.0,16.42225,0.0,-199016374.374269,16406.47754803676,0.8381578947368421,0.0,0.0,46.782236842105256,0.0,0.0
287.0,96.0,16.0,2.0,4.0,48.0,200.0,1.0,0.6,10000.0,128.0,300.0,200.0,18.29125,0.0,-199212569.4380952,25578.770647321428,0.3880357142857143,0.0,0.0,36.04119047619048,0.0,0.0
287.0,144.0,36.0,2.0,4.0,48.0,200.0,1.0,0.6,10000.0,128.0,10.0,200.0,16.073,0.0,-192545087.5380117,14362.11176378446,1.0925438596491228,0.0,0.0,45.680701754385964,0.0,0.0
287.0,24.0,6.0,2.0,4.0,48.0,200.0,1.0,0.6,10000.0,128.0,10.0,200.0,46.56975,0.0,-191938284.8283333,9427.501041666665,0.08457446808510638,0.0,0.0,14.434661989795911,0.0,0.0
287.0,96.0,16.0,2.0,4.0,48.0,200.0,1.0,0.6,10000.0,128.0,10.0,200.0,21.1455,0.0,-193038437.7621871,10181.566012537056,0.8654397233201581,0.0,0.0,24.54377882081686,0.0,0.0
295.0,48.0,8.0,2.0,4.0,480.0,200.0,1.0,0.6,10000.0,128.0,10.0,200.0,6.9955000000000025,0.0,-164904344.44444445,2116.944444444445,0.0,0.0,0.0,44.477777777777774,0.0,0.0
295.0,48.0,8.0,2.0,4.0,48.0,200.0,1.0,0.6,10000.0,128.0,10.0,200.0,7.66,0.0,-165066570.64444444,2164.0944444444444,0.0,0.0,0.0,50.52694444444445,0.0,0.0
295.0,12.0,2.0,2.0,4.0,48.0,200.0,1.0,0.65,10000.0,128.0,10.0,200.0,23.499500000000005,0.0,-164302706.77230766,3619.6955769230767,0.0,0.0,0.0,12.066423076923074,0.0,0.0
295.0,48.0,8.0,3.0,6.0,12.0,200.0,1.0,0.6,10000.0,128.0,10.0,200.0,4.941000000000002,0.0,-164756278.23809522,2916.432291666667,0.0,0.0,0.0,66.82142857142857,0.0,0.0
295.0,48.0,8.0,3.0,6.0,48.0,200.0,1.0,0.6,10000.0,128.0,10.0,200.0,5.044499999999998,0.0,-164784673.78571427,2802.5948660714284,0.0,0.0,0.0,60.12589285714286,0.0,0.0
306.0,72.0,8.0,3.0,6.0,48.0,200.0,1.0,0.6,10000.0,128.0,10.0,200.0,199.06175,0.0,-167387277.93527016,3558.085854386909,0.0,0.0,0.0,8.900523767194636,0.0,0.0
306.0,36.0,3.0,4.0,8.0,48.0,200.0,1.0,0.6,10000.0,128.0,10.0,200.0,381.866,0.25,-166592359.4303864,5688.663845651008,0.0,0.0,0.0,5.336862437966127,0.0,0.0
306.0,72.0,8.0,3.0,6.0,24.0,200.0,1.0,0.6,10000.0,128.0,10.0,200.0,201.86,0.0,-167822187.47272488,3547.1134887247626,0.0,0.0,0.0,8.681182072839086,0.0,0.0
306.0,12.0,2.0,2.0,4.0,48.0,200.0,1.0,0.6,10000.0,128.0,10.0,200.0,1085.747,0.75,-166520278.2585752,6782.085380204517,0.003650137741046832,0.0,1020.1302113837958,5.015523659870058,0.0,0.0
306.0,64.0,8.0,4.0,8.0,48.0,200.0,1.0,0.6,10000.0,128.0,30.0,200.0,166.926,0.0,-167814744.40236688,4451.381656804733,0.0,0.0,0.0,8.89525570583263,0.0,0.0
10.0,16.0,4.0,2.0,4.0,48.0,200.0,1.0,0.6,10000.0,128.0,10.0,24.0,8.05075,0.0,-163495178.0,2057.35,0.3975,0.0,701.68,50.2875,0.0,0.0
10.0,24.0,6.0,2.0,4.0,48.0,200.0,1.0,0.6,50000.0,128.0,10.0,200.0,7.727,0.0,-164055644.1,2259.494444,0.0,0.0,0.0,39.00555556,0.0,0.0
10.0,24.0,6.0,2.0,4.0,48.0,200.0,1.0,0.6,10000.0,128.0,10.0,200.0,7.78475,0.0,-164487515.6,2219.066667,0.0,0.0,1041.8425,43.82,0.0,0.0
10.0,36.0,4.0,3.0,6.0,48.0,200.0,1.0,0.6,10000.0,128.0,10.0,200.0,7.85125,0.0,-164394038.6,3161.536806,0.0,0.0,480.6947222,29.98083333,0.0,0.0
10.0,36.0,4.0,3.0,6.0,48.0,200.0,1.0,0.6,10000.0,32.0,10.0,200.0,7.67975,0.0,-164744891.9,2998.583333,0.0,0.0,942.4102777999999,33.605,0.0,0.0
24.0,48.0,4.0,4.0,8.0,48.0,47.0,1.0,0.6,10000.0,128.0,10.0,200.0,356.24625,0.25,-179223866.13126615,13254.187677328735,0.011165730337078652,0.0,426.56202112540564,16.357753969787627,0.0,0.0
24.0,48.0,4.0,4.0,8.0,48.0,200.0,1.0,0.6,10000.0,128.0,10.0,200.0,329.43300000000005,0.0,-165763497.72761372,4500.979107915315,0.0,0.0,456.82829047634283,5.749086631308023,0.0,0.0
24.0,144.0,36.0,2.0,4.0,48.0,200.0,1.0,0.6,10000.0,128.0,10.0,200.0,182.93675,0.0,-176047225.53193367,4244.7460863234255,0.0,0.0,1015.2824820789584,18.680806860206022,0.0,0.0
24.0,144.0,36.0,2.0,4.0,48.0,200.0,1.0,0.6,1000.0,128.0,10.0,200.0,175.99949999999995,0.0,-167757567.07273948,2500.6179344781194,0.0,0.0,413.162582630049,18.034303167683625,0.0,0.0
24.0,8.0,2.0,2.0,4.0,48.0,200.0,1.0,0.6,10000.0,128.0,10.0,200.0,1221.647,0.75,-165726403.25314343,5964.006283095896,0.003252864157119476,0.0,463.2519211768522,4.72761378915669,0.0,0.0
37.0,12.0,2.0,2.0,4.0,48.0,200.0,1.0,0.6,10000.0,128.0,10.0,200.0,460.1985,0.25,-164886290.04244742,4657.261483640675,0.0,0.0,533.2833021752929,3.737881105996368,0.0,0.0
37.0,36.0,3.0,4.0,8.0,48.0,200.0,1.0,0.6,10000.0,128.0,10.0,200.0,178.4675,0.0,-181418940.12518173,20319.62374568548,0.0,0.0,576.9988422344097,5.0609523260544504,0.0,0.0
37.0,96.0,16.0,2.0,4.0,48.0,200.0,1.0,0.6,10000.0,128.0,10.0,200.0,94.68225,0.0,-165910442.580131,2136.3526774406573,0.0,0.0,0.0,15.797545158980398,0.0,0.0
37.0,96.0,16.0,2.0,4.0,48.0,200.0,1.0,0.65,10000.0,128.0,10.0,200.0,93.9655,0.0,-165959865.77673882,2154.0040887457308,0.0,0.0,1016.2361536665668,15.071334456086532,0.0,0.0
37.0,64.0,8.0,4.0,8.0,48.0,200.0,1.0,0.6,10000.0,128.0,30.0,200.0,93.1145,0.0,-165554801.85718733,3766.6770691850593,0.0,0.0,0.0,10.883034716327105,0.0,0.0
43.0,64.0,16.0,2.0,4.0,48.0,200.0,1.0,0.6,10000.0,64.0,10.0,200.0,89.99799999999998,0.0,-164458137.23985994,2027.0587846329208,0.0,0.0,0.0,15.278353307571,0.0,0.0
43.0,216.0,36.0,2.0,4.0,48.0,200.0,1.0,0.6,10000.0,128.0,10.0,200.0,76.414,0.25,-165104514.24515834,2606.519006017479,0.0,0.0,0.0,22.485610830197068,0.0,0.0
43.0,144.0,18.0,4.0,8.0,48.0,200.0,1.0,0.6,10000.0,128.0,10.0,200.0,77.85758333333331,0.0,-167647455.71203074,5754.523899082065,0.0,0.0,1012.3597112079098,14.941722672752087,0.0,0.0
43.0,144.0,18.0,4.0,8.0,48.0,200.0,1.0,0.6,2000.0,128.0,10.0,200.0,78.39716666666666,0.08333333333333333,-167350682.34439537,5673.757214135826,0.0,0.0,1020.2109976801579,13.345059220423991,0.0,0.0
43.0,64.0,16.0,2.0,4.0,48.0,200.0,1.0,0.6,10000.0,128.0,10.0,200.0,94.44808333333332,0.0,-167563403.84094924,3493.264403035044,0.0,0.0,1025.7619949272396,14.682512606811693,0.0,0.0
58.0,32.0,4.0,4.0,8.0,384.0,200.0,1.0,0.6,10000.0,128.0,10.0,200.0,37.19675,0.0,-202748312.5346154,17333.24126602564,0.0,0.0,0.0,15.902499999999995,0.0,0.0
58.0,32.0,4.0,4.0,8.0,48.0,200.0,1.0,0.6,10000.0,128.0,10.0,200.0,38.412,0.0,-214572542.4060976,37419.814710365856,0.0,0.0,456.1396153846154,12.288092166979366,0.0,0.0
58.0,48.0,8.0,2.0,4.0,48.0,200.0,1.0,0.6,10000.0,128.0,300.0,200.0,38.118,0.0,-195057612.94390243,6000.8592606707325,0.0,0.0,0.0,16.94701219512195,0.0,0.0
58.0,24.0,4.0,2.0,4.0,48.0,200.0,1.0,0.65,10000.0,128.0,10.0,200.0,64.73875,0.0,-205236755.2398569,14878.523902462954,0.0,0.0,0.0,8.620484974858329,0.0,0.0
58.0,24.0,4.0,2.0,4.0,48.0,200.0,1.0,0.6,10000.0,128.0,10.0,200.0,67.75,0.0,-195064583.24093547,8422.841723894091,0.0,0.0,0.0,8.927223813897879,0.0,0.0
65.0,72.0,6.0,4.0,8.0,48.0,200.0,1.0,0.6,10000.0,128.0,10.0,200.0,39.22725,0.0,-185049720.2694541,16905.832752613238,0.0,0.0,1002.7399245063878,17.765258420441345,0.0,0.0
65.0,96.0,8.0,4.0,8.0,24.0,200.0,1.0,0.6,10000.0,128.0,10.0,200.0,31.391,0.0,-168629213.96078432,3911.385138146168,0.0,0.0,0.0,19.331648284313726,0.0,0.0
65.0,96.0,8.0,4.0,8.0,48.0,200.0,1.0,0.6,10000.0,128.0,10.0,200.0,31.012,0.0,-187133662.30303028,14363.554924242424,0.0,0.0,590.9356060606061,20.48712121212121,0.0,0.0
65.0,72.0,6.0,4.0,8.0,48.0,200.0,1.0,0.55,10000.0,128.0,10.0,200.0,38.83325,0.25,-180179699.04634148,8901.746951219511,0.0,0.0,0.0,17.86640243902439,0.0,0.0
65.0,16.0,4.0,2.0,4.0,48.0,200.0,1.0,0.6,10000.0,128.0,10.0,200.0,107.386,0.0,-168969400.06605506,3190.0437708507093,0.0,0.0,0.0,7.14369876131344,0.0,0.0
77.0,48.0,6.0,4.0,8.0,48.0,200.0,1.0,0.6,10000.0,128.0,10.0,200.0,5.881,0.0,-218785396.0,33845.098958333336,0.0,0.0,1056.8196428571428,52.586160714285704,0.0,0.0
77.0,96.0,16.0,2.0,4.0,48.0,200.0,1.0,0.6,5000.0,128.0,10.0,200.0,6.9620000000000015,0.0,-173571190.95925924,4750.326649305556,0.0,0.0,993.1676388888887,79.84152777777777,0.0,0.0
77.0,72.0,12.0,2.0,4.0,192.0,200.0,1.0,0.6,10000.0,128.0,10.0,200.0,7.200833333333333,0.0,-173163461.05858585,4464.752981200899,0.0,0.0,626.5518518518519,58.700875420875406,0.0,0.0
77.0,72.0,12.0,2.0,4.0,48.0,200.0,1.0,0.6,10000.0,128.0,10.0,200.0,7.605083333333333,0.0,-173195996.08282828,4611.72722362514,0.0,0.0,1039.563712121212,55.95218013468013,0.0,0.0
77.0,96.0,16.0,2.0,4.0,48.0,200.0,1.0,0.6,10000.0,128.0,10.0,200.0,6.655916666666667,0.0,-173051140.91111112,4485.588483796297,0.0,0.0,0.0,78.04048611111112,0.0,0.0
82.0,96.0,8.0,4.0,8.0,48.0,200.0,1.0,0.6,10000.0,512.0,10.0,200.0,32.385000000000005,0.0,-167729420.82184872,3447.297610294117,0.0,0.0,0.0,18.40878151260504,0.0,0.0
82.0,216.0,24.0,3.0,6.0,48.0,200.0,1.0,0.6,10000.0,128.0,10.0,200.0,22.96875,0.0,-185288359.6707692,10819.934273504272,0.0,0.0,530.314,27.221038461538463,0.0,0.0
82.0,16.0,4.0,2.0,4.0,48.0,200.0,1.0,0.6,10000.0,128.0,10.0,24.0,104.80125,0.0,-167657092.28037384,2297.5718017104564,0.037149532710280375,0.0,0.0,9.64309425145477,0.0,0.0
82.0,16.0,4.0,2.0,4.0,48.0,200.0,1.0,0.6,10000.0,128.0,10.0,200.0,108.4885,0.0,-167611666.83456182,3174.156521294021,0.0,0.0,0.0,6.89100913674308,0.0,0.0
82.0,216.0,24.0,3.0,6.0,48.0,200.0,1.0,0.6,2000.0,128.0,10.0,200.0,26.516416666666668,0.0,-172780630.56269145,4114.143492160136,0.0,0.0,1006.3476796949193,26.57376255054682,0.0,0.0
96.0,32.0,4.0,4.0,8.0,96.0,200.0,1.0,0.6,10000.0,128.0,10.0,200.0,10.17975,0.0,-183192274.25641027,15585.868189102563,0.0,0.0,0.0,27.585737179487186,0.0,0.0
96.0,32.0,4.0,4.0,8.0,48.0,200.0,1.0,0.6,10000.0,128.0,10.0,200.0,10.595999999999998,0.0,-220050492.6794872,43824.963942307695,0.0,0.0,282.6519230769232,33.42339743589743,0.0,0.0
96.0,64.0,8.0,4.0,8.0,48.0,200.0,1.0,0.6,10000.0,128.0,10.0,64.0,6.52825,0.25,-163005126.63888893,2028.5212673611115,0.0,0.0,868.7552083333333,58.53854166666667,0.0,0.0
96.0,64.0,8.0,4.0,8.0,48.0,200.0,1.0,0.6,10000.0,128.0,10.0,200.0,6.4935,0.0,-182361609.02777785,10497.38671875,0.0,0.0,99.80362103174602,58.34136904761905,0.0,0.0
96.0,16.0,4.0,2.0,4.0,48.0,200.0,1.0,0.75,10000.0,128.0,10.0,200.0,19.3445,0.0,-162375685.14285713,1517.3809523809525,0.0,0.0,0.0,22.248809523809523,0.0,0.0
121.0,216.0,18.0,4.0,8.0,48.0,200.0,1.0,0.6,10000.0,128.0,100.0,200.0,8.79575,0.0,-164673498.47272727,3029.5672077922072,0.0,0.0,1002.6072727272727,61.48318181818182,0.0,0.0
121.0,48.0,6.0,4.0,8.0,48.0,200.0,1.0,0.6,10000.0,128.0,100.0,200.0,15.72925,0.0,-164132202.97385618,2897.6975762527227,0.0,0.0,25.51805555555556,25.72205882352941,0.0,0.0
121.0,48.0,6.0,4.0,8.0,48.0,200.0,1.0,0.6,10000.0,128.0,10.0,200.0,15.528,0.0,-219968748.3904369,53217.51160274051,0.0,0.0,255.0046875,21.92208354833161,0.0,0.0
121.0,12.0,2.0,2.0,4.0,48.0,200.0,1.0,0.55,10000.0,128.0,10.0,200.0,85.13624999999998,0.0,-163270666.3509217,3251.58105201974,0.0,0.0,0.0,8.971086505919802,0.0,0.0
121.0,12.0,2.0,2.0,4.0,48.0,200.0,1.0,0.6,10000.0,128.0,10.0,200.0,83.404,0.0,-163145827.1767442,3200.327034883721,0.0,0.0,0.0,6.780067585173604,0.0,0.0
138.0,16.0,2.0,4.0,8.0,48.0,200.0,1.0,0.6,10000.0,128.0,10.0,200.0,37.80775,0.0,-222565795.9002189,88655.21598459975,0.2012980769230769,0.0,563.4764383989992,11.439372654784243,0.0,0.0
138.0,12.0,3.0,2.0,4.0,48.0,200.0,1.0,0.6,10000.0,128.0,30.0,200.0,40.99075,0.0,-167940229.70099667,3487.394748984865,0.0,0.0,0.0,9.95718438538206,0.0,0.0
138.0,16.0,2.0,4.0,8.0,48.0,200.0,1.0,0.6,10000.0,128.0,10.0,16.0,31.3615,0.0,-167860016.56684494,4302.123106060606,0.2446732954545455,0.0,0.0,14.612388591800356,0.0,0.0
138.0,24.0,4.0,2.0,4.0,48.0,200.0,1.0,0.6,10000.0,128.0,10.0,200.0,32.11175,0.0,-168399691.96470588,3011.323161764705,0.0,0.0,0.0,15.867536923860454,0.0,0.0
138.0,12.0,3.0,2.0,4.0,48.0,200.0,1.0,0.6,10000.0,128.0,10.0,200.0,46.147,0.0,-167801955.70238093,3699.3203302154197,0.0,0.0,1025.107419217687,28.44383503401361,0.0,0.0
146.0,32.0,4.0,4.0,8.0,48.0,200.0,1.0,0.6,10000.0,128.0,10.0,200.0,6.59375,0.0,-222452998.52777785,94292.80555555556,0.0,0.0,1135.4215277777778,53.84236111111112,0.0,0.0
146.0,32.0,4.0,4.0,8.0,48.0,200.0,1.0,0.6,10000.0,128.0,30.0,200.0,6.9819999999999975,0.25,-163996413.76666665,2733.787673611111,0.44166666666666665,0.0,0.0,53.96659722222223,0.0,0.0
146.0,72.0,12.0,2.0,4.0,48.0,200.0,1.0,0.6,10000.0,128.0,10.0,200.0,4.93475,0.25,-164786013.5,1300.7096974206347,0.6625,0.0,0.0,69.01889880952379,0.0,0.0
146.0,12.0,3.0,2.0,4.0,384.0,200.0,1.0,0.6,10000.0,128.0,10.0,200.0,14.8235,0.25,-163833897.8382353,1969.5857843137253,0.0,0.0,181.85147058823532,17.539705882352937,0.0,0.0
146.0,12.0,3.0,2.0,4.0,48.0,200.0,1.0,0.6,10000.0,128.0,10.0,200.0,14.605,0.25,-164379052.1617647,1976.9770220588239,0.0,0.0,1033.350575980392,19.714693627450977,0.0,0.0
155.0,48.0,4.0,4.0,8.0,48.0,200.0,1.0,0.6,10000.0,128.0,10.0,48.0,5.93075,0.0,-163860561.75,3471.53125,0.0,0.0,0.0,47.05,0.0,0.0
155.0,48.0,8.0,2.0,4.0,48.0,200.0,1.0,0.7,10000.0,128.0,10.0,200.0,6.2085,0.0,-176067923.5,4392.01953125,0.0,0.0,0.0,59.30624999999999,0.0,0.0
155.0,48.0,4.0,4.0,8.0,48.0,200.0,1.0,0.6,10000.0,128.0,10.0,200.0,6.02025,0.0,-218775876.25,28807.3046875,0.0,0.0,254.8625,40.09375,0.0,0.0
155.0,36.0,4.0,3.0,6.0,48.0,200.0,1.0,0.6,10000.0,128.0,300.0,200.0,7.911250000000001,0.0,-164967043.77777782,3152.9937500000005,0.0,0.0,0.0,48.73583333333333,0.0,0.0
155.0,48.0,8.0,2.0,4.0,48.0,200.0,1.0,0.6,10000.0,128.0,10.0,200.0,6.872000000000001,0.0,-165472848.05555555,2104.9140625,0.0,0.0,0.0,48.74930555555554,0.0,0.0
166.0,48.0,6.0,4.0,8.0,24.0,200.0,1.0,0.6,10000.0,128.0,10.0,200.0,13.3685,0.0,-192823843.38333333,21591.225347222226,0.0,0.0,0.0,34.82364583333333,0.0,0.0
166.0,24.0,2.0,4.0,8.0,48.0,200.0,1.0,0.65,10000.0,128.0,10.0,200.0,41.36425,0.0,-220081539.9532729,47331.96694991607,0.0,0.0,0.0,11.860208609062836,0.0,0.0
166.0,24.0,4.0,2.0,4.0,48.0,200.0,1.0,0.6,10000.0,128.0,10.0,200.0,36.0055,0.0,-167911395.1336762,2839.193164824744,0.0,0.0,0.0,16.514975197869934,0.0,0.0
166.0,48.0,6.0,4.0,8.0,48.0,200.0,1.0,0.6,10000.0,128.0,10.0,200.0,15.348166666666666,0.0,-171605968.0154762,5340.825363756613,0.0,0.0,510.7078472222223,33.58323412698413,0.0,0.0
166.0,64.0,8.0,4.0,8.0,48.0,200.0,1.0,0.6,10000.0,128.0,30.0,200.0,12.034,0.0,-167700813.03809524,3858.9525297619048,0.0,0.0,0.0,31.95802197802198,0.0,0.0
172.0,72.0,6.0,4.0,8.0,48.0,200.0,1.0,0.6,10000.0,128.0,10.0,200.0,11.0535,0.0,-191169856.15384609,21054.987179487176,0.0,0.0,1111.2673076923077,38.00192307692308,0.0,0.0
172.0,24.0,4.0,2.0,4.0,48.0,200.0,1.0,0.6,10000.0,128.0,10.0,16.0,26.123,0.0,-169305156.21428573,2403.707589285714,0.1419642857142857,0.0,0.0,15.727678571428573,0.0,0.0
172.0,72.0,6.0,4.0,8.0,48.0,200.0,1.0,0.6,10000.0,32.0,10.0,200.0,11.61975,0.0,-168833810.45054942,3195.9324633699634,0.0,0.0,0.0,36.35329670329671,0.0,0.0
172.0,48.0,12.0,2.0,4.0,48.0,200.0,1.0,0.6,10000.0,32.0,10.0,200.0,11.494000000000002,0.0,-169951923.96703297,1724.7066163003656,0.2839285714285714,0.0,1039.4240842490842,36.71536172161173,0.0,0.0
172.0,24.0,4.0,2.0,4.0,48.0,200.0,1.0,0.6,10000.0,128.0,10.0,200.0,27.51025,0.0,-169614751.91034484,2385.1898706896554,0.0,0.0,1.3943103448275862,18.324281609195406,0.0,0.0
180.0,48.0,8.0,3.0,6.0,48.0,200.0,1.0,0.55,10000.0,128.0,10.0,200.0,49.28225,0.0,-226574165.52941176,34435.967524509804,0.0,0.0,0.0,14.252578431372545,0.0,0.0
180.0,72.0,6.0,4.0,8.0,48.0,200.0,1.0,0.6,10000.0,128.0,10.0,200.0,47.65125,0.0,-196649849.67265308,34526.15663265307,0.0,0.0,1010.5799791666667,10.888104166666668,0.0,0.0
180.0,24.0,3.0,4.0,8.0,48.0,200.0,1.0,0.75,10000.0,128.0,10.0,200.0,90.76325,0.0,-185742097.2798037,31326.85662108462,0.0,0.0,0.0,9.094879179959824,0.0,0.0
180.0,24.0,3.0,4.0,8.0,48.0,200.0,1.0,0.6,10000.0,128.0,10.0,200.0,91.14175,0.25,-199866538.4785593,57026.27227564581,0.0,0.0,449.62623393821923,6.652523563144702,0.0,0.0
180.0,72.0,6.0,4.0,8.0,48.0,200.0,1.0,0.5,10000.0,128.0,10.0,200.0,48.78825,0.0,-232395530.64470592,60883.50313725491,0.0,0.0,0.0,12.340421568627448,0.0,0.0
198.0,72.0,6.0,4.0,8.0,48.0,200.0,1.0,0.6,10000.0,128.0,10.0,200.0,32.0,0.0,-199283553.7613445,50066.51796218487,0.0,0.0,1009.289537815126,16.677836134453777,0.0,0.0
198.0,64.0,8.0,4.0,8.0,48.0,200.0,0.0,0.6,10000.0,128.0,10.0,200.0,28.88625,0.0,-228503252.39516127,58083.66145203293,0.0,0.0,0.0,18.03572076612903,0.0,0.0
198.0,64.0,8.0,4.0,8.0,48.0,200.0,1.0,0.6,10000.0,128.0,10.0,200.0,28.98275000000001,0.0,-195496033.31115592,35119.81976436492,0.3854838709677419,0.0,0.0,21.224506048387095,0.0,0.0
198.0,24.0,6.0,2.0,4.0,48.0,200.0,1.0,0.6,10000.0,128.0,10.0,200.0,51.43075,0.0,-170449475.70090845,9337.740580596319,0.0,0.0,0.0,11.14230433263452,0.0,0.0
198.0,24.0,6.0,2.0,4.0,48.0,200.0,0.0,0.6,10000.0,128.0,10.0,200.0,49.46275000000001,0.0,-170442281.10331824,9909.703934137759,0.0,0.0,0.0,9.514984539969834,0.0,0.0
205.0,24.0,3.0,4.0,8.0,48.0,200.0,1.0,0.6,1000.0,128.0,10.0,200.0,19.96,0.0,-176575340.54545456,10119.272727272728,0.0,0.0,256.45795454545447,14.198863636363635,0.0,0.0
205.0,144.0,18.0,4.0,8.0,48.0,200.0,1.0,0.6,10000.0,128.0,300.0,200.0,9.5985,0.0,-177969575.22424242,7678.991423160173,0.0,0.0,790.7668181818183,56.24859848484848,0.0,0.0
205.0,24.0,3.0,4.0,8.0,48.0,200.0,1.0,0.6,10000.0,128.0,10.0,200.0,19.6445,0.0,-210632897.3636364,111111.12878787877,0.0,0.0,1031.1333874458874,12.251948051948053,0.0,0.0
205.0,24.0,6.0,2.0,4.0,48.0,200.0,1.0,0.6,10000.0,128.0,10.0,200.0,20.30075,0.0,-177328534.90513834,5708.223073122531,0.0,0.0,0.0,16.762895256916995,0.0,0.0
205.0,24.0,6.0,2.0,4.0,48.0,200.0,1.0,0.6,10000.0,64.0,10.0,200.0,28.37116666666667,0.0,-183176661.5246196,10447.705712372082,0.0,0.0,1021.8770523346758,13.276578348478804,0.0,0.0
214.0,144.0,24.0,3.0,6.0,48.0,200.0,1.0,0.6,10000.0,128.0,10.0,200.0,7.0405,0.0,-208256373.84444445,22708.200925925918,0.0,0.0,186.0375,75.91111111111111,0.0,0.0
214.0,96.0,8.0,4.0,8.0,48.0,200.0,1.0,0.6,10000.0,128.0,10.0,200.0,8.72425,0.0,-200420027.90909088,29197.590056818182,0.0,0.0,764.9840909090909,48.45909090909091,0.0,0.0
214.0,144.0,24.0,3.0,6.0,96.0,200.0,1.0,0.6,10000.0,128.0,10.0,200.0,7.0855000000000015,0.0,-192903216.88888893,22667.78395061728,0.0,0.0,573.8527777777779,69.97777777777777,0.0,0.0
214.0,96.0,8.0,4.0,8.0,48.0,200.0,1.0,0.6,100000.0,128.0,10.0,200.0,8.949,0.0,-178515013.0909091,5049.627840909091,0.0,0.0,29.1675,54.79272727272727,0.0,0.0
214.0,16.0,2.0,4.0,8.0,48.0,200.0,1.0,0.6,10000.0,128.0,10.0,200.0,30.3985,0.0,-169824582.89717743,6381.539744425996,0.0,0.0,0.0,16.3085522414611,0.0,0.0
223.0,144.0,24.0,3.0,6.0,48.0,200.0,1.0,0.6,10000.0,128.0,10.0,200.0,8.10125,0.0,-209632354.72727275,23630.044570707072,0.0,0.0,486.6720454545455,58.04477272727273,0.0,0.0
223.0,144.0,24.0,3.0,6.0,48.0,200.0,1.0,0.6,20000.0,128.0,10.0,200.0,8.49,0.0,-165809102.92727274,2661.049873737373,0.0,0.0,0.0,61.58727272727273,0.0,0.0
223.0,72.0,8.0,3.0,6.0,48.0,200.0,1.0,0.6,10000.0,128.0,10.0,200.0,15.50625,0.0,-165824392.65359482,2586.8953227124184,0.0,0.0,0.0,29.59918300653595,0.0,0.0
223.0,72.0,8.0,3.0,6.0,480.0,200.0,1.0,0.6,10000.0,128.0,10.0,200.0,15.78925,0.0,-165955528.96732026,2661.606107026144,0.0,0.0,0.0,20.84468954248366,0.0,0.0
223.0,8.0,2.0,2.0,4.0,48.0,200.0,1.0,0.6,10000.0,128.0,10.0,200.0,93.3265,0.0,-165390944.53138763,3501.6609570385413,0.0,0.0,0.0,6.286547113752122,0.0,0.0
232.0,24.0,2.0,4.0,8.0,48.0,200.0,0.0,0.6,10000.0,128.0,10.0,200.0,135.39600000000002,0.25,-229389004.91015223,131625.4995607407,0.0,0.0,0.0,5.7252476753390455,0.0,0.0
232.0,36.0,3.0,4.0,8.0,48.0,200.0,1.0,0.6,10000.0,128.0,10.0,200.0,70.993,0.0,-212199771.3986369,90190.29923754546,0.0,0.0,1169.1809804963416,5.856797334306138,0.0,0.0
232.0,72.0,8.0,3.0,6.0,48.0,200.0,1.0,0.6,10000.0,64.0,10.0,200.0,29.9965,0.0,-168644955.5,2920.3671875,0.0,0.0,0.0,19.098941532258067,0.0,0.0
232.0,72.0,8.0,3.0,6.0,48.0,200.0,1.0,0.6,10000.0,128.0,10.0,200.0,32.06225,0.0,-168601084.06773618,2943.43120543672,0.0,0.0,0.0,15.998072638146168,0.0,0.0
232.0,36.0,3.0,4.0,8.0,192.0,200.0,1.0,0.6,10000.0,128.0,10.0,200.0,71.17474999999997,0.0,-167832250.84472996,4844.316912246754,0.0,0.0,0.0,8.625503362517447,0.0,0.0
246.0,64.0,16.0,2.0,4.0,48.0,200.0,1.0,0.6,1000.0,128.0,10.0,200.0,3.7905,0.0,-170600243.0,2636.5167410714284,0.6625,0.0,0.0,113.95416666666664,0.0,0.0
246.0,48.0,8.0,2.0,4.0,48.0,200.0,1.0,0.6,10000.0,128.0,30.0,200.0,5.3210000000000015,0.0,-170922555.53571427,2909.8465401785716,0.0,0.0,0.0,67.49821428571428,0.0,0.0
246.0,48.0,8.0,2.0,4.0,48.0,200.0,1.0,0.6,10000.0,128.0,10.0,200.0,5.843249999999999,0.0,-170299481.64285713,3003.055245535714,0.0,0.0,0.0,69.83616071428571,0.0,0.0
246.0,64.0,16.0,2.0,4.0,48.0,200.0,1.0,0.6,10000.0,128.0,10.0,200.0,3.95875,0.0,-170564570.86666667,2788.4451636904773,0.0,0.0,0.0,106.44416666666666,0.0,0.0
246.0,16.0,4.0,2.0,4.0,48.0,200.0,1.0,0.6,10000.0,128.0,10.0,200.0,9.69775,0.0,-170035831.25757575,3630.030776515152,0.0,0.0,0.0,36.57424242424242,0.0,0.0
253.0,96.0,16.0,2.0,4.0,48.0,200.0,1.0,0.6,1000.0,128.0,10.0,200.0,14.4255,0.0,-191963808.72058824,12516.692038143383,0.0,0.0,0.0,41.232904411764714,0.0,0.0
253.0,144.0,36.0,2.0,4.0,48.0,200.0,1.0,0.6,10000.0,128.0,10.0,200.0,13.7675,0.0,-182649351.19411764,6973.929674369747,0.0,0.0,0.0,63.24460784313725,0.0,0.0
253.0,96.0,16.0,2.0,4.0,48.0,200.0,1.0,0.6,10000.0,128.0,10.0,200.0,18.471,0.0,-182770419.09097743,7064.734868421054,0.0,0.0,0.0,37.51189849624061,0.0,0.0
253.0,216.0,18.0,4.0,8.0,48.0,200.0,1.0,0.6,10000.0,128.0,10.0,200.0,13.612833333333333,0.0,-189015807.8854231,21805.707561489507,0.0,0.0,1048.3598547686618,44.055902777777774,0.0,0.0
253.0,144.0,36.0,2.0,4.0,48.0,200.0,0.0,0.6,10000.0,128.0,10.0,200.0,21.351166666666668,0.0,-189231196.18669567,13721.958558611177,0.0,0.0,1568.6188312599654,39.72172844232646,0.0,0.0
261.0,144.0,24.0,3.0,6.0,48.0,200.0,1.0,0.6,10000.0,256.0,10.0,200.0,6.7010000000000005,0.0,-181236463.88888893,8347.19675925926,0.0,0.0,0.0,65.32326388888889,0.0,0.0
261.0,72.0,8.0,3.0,6.0,48.0,200.0,1.0,0.6,10000.0,128.0,10.0,48.0,5.7360000000000015,0.0,-187731549.60714287,7424.228236607143,0.0,0.0,0.0,58.15401785714285,0.0,0.0
261.0,144.0,24.0,3.0,6.0,48.0,200.0,1.0,0.6,10000.0,128.0,10.0,200.0,7.181416666666667,0.0,-187030034.43855223,15675.814743499817,0.0,0.0,1060.3854208754208,62.827535774410784,0.0,0.0
261.0,36.0,6.0,2.0,4.0,48.0,200.0,1.0,0.6,10000.0,128.0,10.0,36.0,8.732916666666666,0.0,-185111016.44949496,6787.612542087541,0.0,0.0,505.3018181818181,42.85718434343434,0.0,0.0
261.0,72.0,8.0,3.0,6.0,48.0,200.0,1.0,0.6,10000.0,128.0,10.0,200.0,12.937916666666665,0.0,-185792134.37435892,15407.635551167583,0.0,0.0,1039.9744681013433,33.6141307997558,0.0,0.0
274.0,12.0,2.0,2.0,4.0,48.0,200.0,1.0,0.6,5000.0,128.0,10.0,200.0,45.543,0.0,-169444885.85345203,208886.72276197711,0.08163265306122447,0.0,588.1579067080116,6.789238300546862,0.0,0.0
274.0,24.0,6.0,2.0,4.0,48.0,200.0,1.0,0.6,10000.0,128.0,50.0,200.0,18.34525,0.0,-160454714.71002507,78376.96438492062,0.0,0.0,0.0,19.796390977443608,0.0,0.0
274.0,36.0,4.0,3.0,6.0,48.0,35.0,1.0,0.6,10000.0,128.0,10.0,200.0,19.795,0.0,-160759284.96103895,122246.08928571428,0.0,0.0,0.0,20.623160173160173,0.0,0.0
274.0,12.0,2.0,2.0,4.0,48.0,200.0,1.0,0.6,10000.0,128.0,10.0,200.0,47.31625,0.0,-159507117.95003772,217930.7383107089,0.0,0.0,0.0,9.529213800904976,0.0,0.0
274.0,24.0,6.0,2.0,4.0,48.0,200.0,1.0,0.6,10000.0,128.0,10.0,200.0,19.5645,0.25,-159927246.88181818,81714.85795454546,0.0,0.0,0.0,18.122272727272726,0.0,0.0
288.0,36.0,6.0,2.0,4.0,48.0,200.0,1.0,0.6,10000.0,128.0,10.0,200.0,55.8105,0.0,-191057383.12293005,9427.711149220217,0.0,0.0,0.0,10.354178714612363,0.0,0.0
288.0,32.0,8.0,2.0,4.0,48.0,200.0,1.0,0.6,10000.0,128.0,10.0,200.0,42.99775,0.0,-191260881.68045267,9088.292069663734,0.0903409090909091,0.0,0.0,14.923889399556739,0.0,0.0
288.0,32.0,8.0,2.0,4.0,48.0,200.0,0.0,0.6,10000.0,128.0,10.0,200.0,41.719,0.0,-192513872.9184704,9129.090595689033,0.0,0.0,0.0,12.259310547333802,0.0,0.0
288.0,96.0,16.0,2.0,4.0,12.0,200.0,1.0,0.6,10000.0,128.0,10.0,200.0,27.2925,0.0,-191664370.34088668,10412.593506260262,0.1325,0.0,0.0,22.10274014778325,0.0,0.0
288.0,96.0,16.0,2.0,4.0,48.0,200.0,1.0,0.6,10000.0,128.0,10.0,200.0,25.10525,0.0,-192252223.1890517,10244.959939077127,0.0,0.0,0.0,22.838667582417568,0.0,0.0
297.0,216.0,18.0,4.0,8.0,48.0,200.0,1.0,0.6,10000.0,128.0,10.0,200.0,3.2345,0.0,-238597449.2,84759.59999999999,0.0,0.0,1018.95,72.28,0.0,0.0
297.0,48.0,8.0,2.0,4.0,192.0,200.0,1.0,0.6,10000.0,128.0,10.0,200.0,8.1235,0.0,-164995451.25858584,2091.8903724747474,0.0,0.0,0.0,44.92636363636364,0.0,0.0
297.0,48.0,8.0,2.0,4.0,48.0,200.0,1.0,0.6,10000.0,128.0,10.0,200.0,8.1945,0.0,-165386900.54545456,2070.271875,0.0,0.0,0.0,50.625,0.0,0.0
297.0,24.0,4.0,2.0,4.0,48.0,200.0,1.0,0.6,10000.0,128.0,50.0,200.0,12.89225,0.0,-164518977.93333334,2411.400595238095,0.0,0.0,0.0,26.812976190476192,0.0,0.0
297.0,216.0,18.0,4.0,8.0,48.0,200.0,1.0,0.6,10000.0,128.0,10.0,144.0,4.192125,0.0,-169619284.0952381,5034.258290816327,0.0,0.0,1007.5666666666667,86.0547619047619,0.0,0.0
301.0,48.0,8.0,3.0,6.0,48.0,200.0,1.0,0.6,10000.0,128.0,30.0,200.0,134.358,0.0,-210037479.43248555,23549.31946146514,0.0,0.0,1010.4284952316423,8.615237153427238,0.0,0.0
301.0,24.0,4.0,3.0,6.0,48.0,200.0,1.0,0.6,10000.0,128.0,10.0,36.0,261.48475,0.0,-166393437.86684382,2822.4858985600044,0.0,0.0,0.0,6.228697344322345,0.0,0.0
301.0,72.0,6.0,4.0,8.0,480.0,200.0,1.0,0.6,10000.0,128.0,10.0,200.0,142.9055,0.0,-167338672.43469924,4540.437887460855,0.027604166666666662,0.0,0.0,8.241845035393544,0.0,0.0
301.0,48.0,8.0,3.0,6.0,48.0,200.0,1.0,0.6,10000.0,128.0,10.0,200.0,138.34699999999998,0.0,-167357042.64353147,3463.722353700881,0.0,0.0,0.0,9.861319970501283,0.0,0.0
301.0,72.0,6.0,4.0,8.0,48.0,200.0,1.0,0.6,10000.0,128.0,10.0,200.0,145.322,0.0,-166957651.25795183,4637.74248291659,0.0,0.0,0.0,8.092432067236372,0.0,0.0
18.0,96.0,8.0,4.0,8.0,48.0,200.0,1.0,0.5,10000.0,128.0,10.0,200.0,3.15975,0.0,-164788378.0,3451.177083333333,0.0,0.0,0.0,89.45666666666666,0.0,0.0
18.0,18.0,3.0,2.0,4.0,48.0,200.0,1.0,0.6,10000.0,128.0,10.0,200.0,10.69525,0.0,-168568304.96153846,4934.380876068376,0.0,0.0,1004.1168706293706,19.28228438228437,0.0,0.0
18.0,96.0,8.0,4.0,8.0,48.0,200.0,1.0,0.6,10000.0,128.0,10.0,200.0,2.91225,0.0,-172932976.8,5894.45,0.0,0.0,103230.225,96.81,0.0,0.0
18.0,36.0,3.0,4.0,8.0,48.0,200.0,1.0,0.6,10000.0,32.0,10.0,200.0,6.2425,0.0,-163966795.0,4085.333333333334,0.0,0.0,16.06875,30.1,0.0,0.0
18.0,18.0,3.0,2.0,4.0,48.0,200.0,0.0,0.6,10000.0,128.0,10.0,200.0,9.51425,0.0,-168060375.89393938,5036.027777777777,0.0,0.0,764.7910984848485,21.5905303030303,0.0,0.0
25.0,18.0,3.0,2.0,4.0,48.0,200.0,1.0,0.65,10000.0,128.0,10.0,200.0,780.41125,0.5,-165704609.09053695,3902.5650200289783,0.010303617571059432,0.0,0.0,4.515708835870438,0.0,0.0
25.0,216.0,18.0,4.0,8.0,48.0,200.0,1.0,0.6,10000.0,128.0,10.0,216.0,136.57675,0.0,-167050670.6892376,3586.101902125269,0.02922794117647059,0.0,256.651332062309,12.094366432766616,0.0,0.0
25.0,216.0,36.0,2.0,4.0,48.0,200.0,1.0,0.75,10000.0,128.0,10.0,200.0,178.78599999999997,0.0,-173059644.81083044,3547.967188121353,0.0,0.0,0.0,19.064995602855845,0.0,0.0
25.0,216.0,36.0,2.0,4.0,48.0,200.0,1.0,0.6,10000.0,128.0,10.0,200.0,193.279,0.0,-167782937.77027634,2660.9976106105964,0.0205958549222798,0.0,0.0,19.158805923279182,0.0,0.0
25.0,64.0,8.0,4.0,8.0,48.0,200.0,1.0,0.6,10000.0,128.0,30.0,200.0,214.4595,0.0,-166903601.51859242,3944.857644220635,0.0,0.0,0.0,8.760694772187406,0.0,0.0
34.0,216.0,18.0,4.0,8.0,48.0,200.0,1.0,0.5,10000.0,128.0,10.0,200.0,75.27575,0.0,-169550580.6530042,5302.696500044561,0.0,0.0,919.0518058538175,13.012691547626257,0.0,0.0
34.0,72.0,8.0,3.0,6.0,48.0,200.0,1.0,0.6,10000.0,128.0,10.0,200.0,103.9945,0.0,-171549312.38925523,4382.638785878507,0.0,0.0,911.2854748888133,10.660808052712259,0.0,0.0
34.0,72.0,8.0,3.0,6.0,48.0,200.0,0.0,0.6,10000.0,128.0,10.0,200.0,146.0265,0.0,-178295599.38551065,8442.027859109683,0.0,0.0,395.1414896912349,7.3959195548267225,0.0,0.0
34.0,36.0,6.0,2.0,4.0,48.0,200.0,1.0,0.6,10000.0,128.0,10.0,200.0,186.92225,0.0,-165534747.7580825,2679.359636522858,0.0,0.0,0.0,7.585239982755464,0.0,0.0
34.0,36.0,6.0,2.0,4.0,48.0,200.0,1.0,0.6,10000.0,512.0,10.0,200.0,189.74875,0.0,-166136784.58239096,2921.478932080221,0.0,0.0,0.0,6.8584995567375895,0.0,0.0
45.0,72.0,12.0,2.0,4.0,48.0,200.0,1.0,0.6,10000.0,128.0,10.0,72.0,122.38275,0.25,-164399462.7927603,1739.5781770847643,0.0,0.0,0.0,11.638623964382505,0.0,0.0
45.0,48.0,8.0,2.0,4.0,48.0,200.0,1.0,0.6,10000.0,128.0,10.0,200.0,191.48825,0.0,-164262015.51590955,2736.127665074033,0.0,0.0,0.0,8.93049657003333,0.0,0.0
45.0,36.0,6.0,2.0,4.0,12.0,200.0,1.0,0.6,10000.0,128.0,10.0,200.0,231.29925,0.25,-164428202.62971756,3130.417558716339,0.0,0.0,0.0,6.887205484298314,0.0,0.0
45.0,72.0,12.0,2.0,4.0,48.0,200.0,1.0,0.6,10000.0,128.0,10.0,200.0,136.54274999999998,0.0,-164279449.79033098,2365.802228596338,0.02944444444444445,0.0,0.0,11.968797428964127,0.0,0.0
45.0,36.0,6.0,2.0,4.0,48.0,200.0,1.0,0.6,10000.0,128.0,10.0,200.0,231.4925,0.25,-163795037.12299624,3213.955858010079,0.0,0.0,1016.6518073849338,7.644106112179961,0.0,0.0
57.0,216.0,18.0,4.0,8.0,48.0,200.0,1.0,0.6,10000.0,128.0,10.0,200.0,19.2725,0.0,-223181304.40259743,36646.105248917745,0.0,0.0,1031.8430735930735,21.931114718614715,0.0,0.0
57.0,216.0,18.0,4.0,8.0,48.0,200.0,1.0,0.7,10000.0,128.0,10.0,200.0,19.5435,0.0,-214394881.83549783,22542.41384508349,0.0,0.0,0.0,21.002759740259734,0.0,0.0
57.0,24.0,4.0,2.0,4.0,48.0,200.0,1.0,0.75,10000.0,128.0,10.0,200.0,65.94200000000001,0.0,-194799005.3880597,8345.025790166814,0.0,0.0,0.0,19.26875,0.0,0.0
57.0,24.0,4.0,2.0,4.0,48.0,200.0,1.0,0.6,10000.0,128.0,10.0,200.0,66.88775000000001,0.0,-194773345.7396288,8586.440648526708,0.0,0.0,0.0,7.9485901234345535,0.0,0.0
57.0,72.0,12.0,2.0,4.0,48.0,200.0,1.0,0.6,10000.0,64.0,10.0,200.0,33.53525,0.0,-203755239.52891463,10727.21324568616,0.03680555555555557,0.0,1017.3271865563044,22.17373016924488,0.0,0.0
66.0,16.0,4.0,2.0,4.0,48.0,200.0,1.0,0.6,10000.0,64.0,10.0,200.0,105.76475,0.0,-169233867.61976463,3151.2779021720316,0.0,0.0,0.0,7.233682412795442,0.0,0.0
66.0,12.0,2.0,2.0,4.0,48.0,200.0,1.0,0.6,10000.0,128.0,10.0,200.0,232.04125,0.0,-168768045.3027132,5738.470385360141,0.03419750231267345,0.0,420.1568541070349,5.558287745884545,0.0,0.0
66.0,12.0,2.0,2.0,4.0,48.0,11.0,1.0,0.6,10000.0,128.0,10.0,200.0,228.364,0.0,-168828436.65646526,5454.834420289855,0.0,0.0,1014.5235076893866,6.149119992405543,0.0,0.0
66.0,48.0,8.0,2.0,4.0,48.0,200.0,1.0,0.65,10000.0,128.0,10.0,200.0,59.78475,0.0,-168694695.31147543,2544.124843006346,0.0,0.0,0.0,13.987010840824961,0.0,0.0
66.0,16.0,4.0,2.0,4.0,48.0,200.0,1.0,0.6,10000.0,128.0,10.0,200.0,111.475,0.0,-169326247.94290113,3339.302818391689,0.0,0.0,1017.5518994873801,8.168455915785035,0.0,0.0
71.0,18.0,3.0,2.0,4.0,48.0,200.0,1.0,0.6,10000.0,256.0,10.0,200.0,13.95725,0.0,-167867080.3970588,4285.269914215686,0.746875,0.0,0.0,16.76985294117647,0.0,0.0
71.0,48.0,8.0,2.0,4.0,384.0,200.0,1.0,0.6,10000.0,128.0,10.0,200.0,10.43125,0.0,-168170035.76923078,3048.3347355769233,0.0,0.0,0.0,51.28942307692307,0.0,0.0
71.0,48.0,8.0,2.0,4.0,48.0,200.0,1.0,0.6,10000.0,128.0,10.0,200.0,10.65125,0.0,-169185145.52564102,3108.4967376373625,0.0,0.0,0.0,36.26826923076924,0.0,0.0
71.0,18.0,3.0,2.0,4.0,48.0,200.0,1.0,0.6,10000.0,128.0,10.0,200.0,15.1965,0.0,-168049392.70588237,4386.980392156863,0.7306985294117647,0.0,0.0,18.86029411764705,0.0,0.0
71.0,48.0,12.0,2.0,4.0,48.0,200.0,1.0,0.6,20000.0,128.0,10.0,200.0,6.827749999999999,0.0,-172699612.21380472,4294.289167718855,0.0,0.0,366.68578493266,73.84376052188553,0.0,0.0
88.0,48.0,4.0,4.0,8.0,48.0,200.0,1.0,0.6,10000.0,512.0,10.0,200.0,59.2755,0.0,-167951878.27075619,4271.566317424643,0.0,0.0,0.0,10.519063987308304,0.0,0.0
88.0,36.0,6.0,2.0,4.0,48.0,200.0,1.0,0.6,100000.0,128.0,10.0,200.0,75.796,0.0,-167922649.7851684,2673.992516274161,0.0,0.0,0.0,10.26180338648693,0.0,0.0
88.0,36.0,6.0,2.0,4.0,48.0,200.0,1.0,0.6,10000.0,128.0,10.0,200.0,78.55725,0.0,-168075708.07870367,2741.3414030349795,0.0,0.0,0.0,10.17370585247695,0.0,0.0
88.0,24.0,4.0,2.0,4.0,96.0,200.0,1.0,0.6,10000.0,128.0,10.0,200.0,108.311,0.0,-168419342.91749024,3263.4546249221808,0.0,0.0,0.0,6.785631675253235,0.0,0.0
88.0,24.0,4.0,2.0,4.0,48.0,200.0,1.0,0.6,10000.0,128.0,10.0,200.0,108.1225,0.0,-168456051.46339977,3356.445121826372,0.0,0.0,0.0,7.7361040628563975,0.0,0.0
95.0,12.0,2.0,2.0,4.0,48.0,200.0,1.0,0.6,1000.0,128.0,10.0,200.0,36.468,0.25,-162023889.15384614,2069.7125506072875,0.0,0.0,0.0,13.738495276653175,0.0,0.0
95.0,72.0,12.0,2.0,4.0,48.0,200.0,1.0,0.6,10000.0,128.0,300.0,200.0,8.13275,0.25,-162698055.84646463,1197.1414983164987,0.0,0.0,0.0,51.68737373737374,0.0,0.0
95.0,48.0,8.0,3.0,6.0,480.0,200.0,1.0,0.6,10000.0,128.0,10.0,200.0,7.673999999999999,0.0,-221832966.82222223,27990.81736111111,0.0,0.0,0.0,45.0286111111111,0.0,0.0
95.0,12.0,2.0,2.0,4.0,48.0,200.0,1.0,0.6,10000.0,128.0,10.0,200.0,42.90225,0.0,-162026716.93810445,2147.3087271152895,0.0,0.0,0.0,9.480070903243217,0.0,0.0
95.0,72.0,12.0,2.0,4.0,48.0,200.0,1.0,0.6,10000.0,128.0,10.0,200.0,8.7425,0.25,-162921327.63636363,1268.4450757575758,0.0,0.0,0.0,77.08181818181819,0.0,0.0
122.0,64.0,8.0,4.0,8.0,48.0,200.0,1.0,0.6,10000.0,128.0,500.0,200.0,12.087249999999996,0.0,-163988591.42857143,2952.964285714286,0.0,0.0,0.0,37.50714285714286,0.0,0.0
122.0,48.0,8.0,3.0,6.0,48.0,200.0,1.0,0.6,10000.0,128.0,10.0,200.0,15.33225,0.0,-223465020.7254901,24874.303104575167,0.0,0.0,1065.089133986928,25.803921568627448,0.0,0.0
122.0,24.0,4.0,3.0,6.0,48.0,200.0,1.0,0.6,10000.0,128.0,50.0,200.0,27.82175,0.0,-176323657.16551724,9259.361637931032,0.0,0.0,626.4242241379311,14.577241379310346,0.0,0.0
122.0,24.0,4.0,3.0,6.0,48.0,200.0,1.0,0.6,10000.0,128.0,10.0,200.0,29.16325,0.0,-188063247.5907258,21952.50648941532,0.0,0.0,1015.8795362903227,17.1828125,0.0,0.0
122.0,64.0,8.0,4.0,8.0,48.0,200.0,1.0,0.6,10000.0,128.0,10.0,200.0,12.253,0.0,-188265756.4571429,25584.725892857143,0.0,0.0,0.0,37.76190476190477,0.0,0.0
132.0,48.0,6.0,4.0,8.0,48.0,200.0,1.0,0.6,10000.0,128.0,10.0,48.0,11.28675,0.0,-168456652.32967034,3519.3058608058604,0.0,0.0,0.0,34.61923076923077,0.0,0.0
132.0,16.0,2.0,4.0,8.0,48.0,200.0,1.0,0.65,10000.0,128.0,10.0,200.0,36.378,0.25,-185383865.74358973,67021.64448380566,0.0,0.0,0.0,12.518016194331985,0.0,0.0
132.0,48.0,6.0,4.0,8.0,48.0,200.0,1.0,0.6,10000.0,128.0,10.0,200.0,12.29275,0.0,-223008484.3238096,55950.60119047618,0.0,0.0,298.17333333333335,29.788809523809523,0.0,0.0
132.0,24.0,6.0,2.0,4.0,48.0,200.0,1.0,0.55,10000.0,128.0,10.0,200.0,24.32725,0.0,-168439111.92307693,2606.144230769231,0.0,0.0,0.0,16.720192307692304,0.0,0.0
132.0,24.0,6.0,2.0,4.0,48.0,200.0,1.0,0.6,10000.0,128.0,10.0,200.0,23.3845,0.0,-168073183.65925926,2712.8782098765428,0.0,0.0,0.0,19.046962962962965,0.0,0.0
143.0,64.0,8.0,4.0,8.0,48.0,200.0,0.0,0.6,10000.0,128.0,10.0,200.0,3.59925,0.0,-221231031.86666664,34286.4375,0.0,0.0,0.0,73.04416666666665,0.0,0.0
143.0,24.0,3.0,4.0,8.0,480.0,200.0,1.0,0.6,10000.0,128.0,10.0,200.0,9.0945,0.0,-187091517.27272728,26429.740530303032,0.0,0.0,0.0,52.60681818181818,0.0,0.0
143.0,24.0,3.0,4.0,8.0,48.0,200.0,1.0,0.6,10000.0,128.0,10.0,200.0,8.97425,0.0,-192133262.02424243,30466.91843434343,0.0,0.0,768.9420454545455,25.80359848484849,0.0,0.0
143.0,64.0,8.0,4.0,8.0,48.0,200.0,1.0,0.6,10000.0,128.0,10.0,200.0,3.82025,0.0,-191559970.0,27142.328125,0.0,0.0,0.0,79.81249999999999,0.0,0.0
143.0,144.0,36.0,2.0,4.0,48.0,200.0,1.0,0.6,100000.0,128.0,10.0,200.0,2.9724166666666663,0.08333333333333333,-170040726.8777778,2057.411607142857,0.53,0.0,588.4749999999998,179.07583333333332,0.0,0.0
158.0,36.0,6.0,2.0,4.0,48.0,200.0,1.0,0.6,10000.0,128.0,10.0,200.0,8.349250000000001,0.0,-165529410.56363636,2205.9386363636363,0.0,0.0,0.0,40.7415909090909,0.0,0.0
158.0,12.0,2.0,2.0,4.0,192.0,200.0,1.0,0.6,10000.0,128.0,10.0,200.0,24.36175,0.0,-164731589.41880342,3693.829594017094,0.1528846153846154,0.0,1043.7266737891737,11.665954415954412,0.0,0.0
158.0,48.0,12.0,2.0,4.0,24.0,200.0,1.0,0.6,10000.0,128.0,10.0,200.0,5.682,0.0,-166133172.25,2090.020089285714,0.0,0.0,0.0,53.183482142857144,0.0,0.0
158.0,48.0,12.0,2.0,4.0,48.0,200.0,1.0,0.6,10000.0,128.0,10.0,200.0,5.6694999999999975,0.0,-165745115.25,2042.7008928571438,0.0,0.0,0.0,55.5,0.0,0.0
158.0,12.0,2.0,2.0,4.0,48.0,200.0,1.0,0.6,10000.0,128.0,10.0,200.0,24.7635,0.0,-164705789.1851852,3573.805555555556,0.0,0.0,0.0,13.545370370370376,0.0,0.0
165.0,16.0,2.0,4.0,8.0,48.0,200.0,0.0,0.6,10000.0,128.0,10.0,200.0,45.60425,0.0,-192772220.56954747,85291.56231588287,0.0,0.0,1164.3805869565215,9.259224933451641,0.0,0.0
165.0,36.0,6.0,2.0,4.0,48.0,200.0,1.0,0.6,10000.0,128.0,30.0,200.0,24.834,0.0,-167592965.51444852,2411.099876204043,0.0,0.0,520.045423076923,16.063885225885226,0.0,0.0
165.0,36.0,6.0,2.0,4.0,48.0,200.0,1.0,0.6,10000.0,128.0,10.0,200.0,36.867,0.0,-167551320.0423077,2185.9060452279205,0.0,0.0,0.0,18.21228323211876,0.0,0.0
165.0,16.0,2.0,4.0,8.0,48.0,200.0,1.0,0.6,10000.0,128.0,10.0,200.0,44.95775,0.0,-171355166.31317562,9731.613005498246,0.028804347826086964,0.0,1015.1016360461532,11.41791967204657,0.0,0.0
165.0,72.0,6.0,4.0,8.0,480.0,200.0,1.0,0.6,10000.0,128.0,10.0,200.0,15.776666666666666,0.0,-171211098.73793182,5296.93822265017,0.0,0.0,1024.9128966871838,30.504740435647946,0.0,0.0
173.0,24.0,4.0,3.0,6.0,48.0,200.0,1.0,0.6,10000.0,32.0,10.0,200.0,18.64275,0.0,-169077972.4952381,3087.616369047619,0.19875,0.0,0.0,22.77125,0.0,0.0
173.0,24.0,4.0,3.0,6.0,48.0,200.0,1.0,0.6,10000.0,128.0,10.0,200.0,19.95725,0.0,-169803568.01298702,2935.7344426406926,0.0,0.0,0.0,22.189772727272725,0.0,0.0
173.0,64.0,16.0,2.0,4.0,48.0,200.0,1.0,0.6,10000.0,128.0,10.0,200.0,10.530999999999999,0.0,-169808668.05128208,2223.254407051282,0.0,0.0,0.0,55.19551282051282,0.0,0.0
173.0,72.0,12.0,2.0,4.0,48.0,200.0,1.0,0.6,10000.0,128.0,10.0,200.0,12.3505,0.0,-169798394.67106226,1901.5247023809525,0.8357692307692308,0.0,0.0,37.27136904761904,0.0,0.0
173.0,72.0,12.0,2.0,4.0,48.0,71.0,1.0,0.6,10000.0,128.0,10.0,200.0,12.19825,0.0,-170231931.78095242,1924.287599206349,0.0,0.0,0.0,44.22000000000001,0.0,0.0
183.0,216.0,18.0,4.0,8.0,48.0,200.0,1.0,0.6,10000.0,128.0,10.0,200.0,36.34075,0.0,-230802229.1646424,51657.0622349142,0.0,0.0,584.4401036291712,21.614675782593736,0.0,0.0
183.0,48.0,6.0,4.0,8.0,48.0,200.0,1.0,0.6,10000.0,128.0,10.0,72.0,64.3305,0.0,-170910605.66078702,14067.117320594,0.0,0.0,1008.9263921650487,10.264176234213547,0.0,0.0
183.0,216.0,24.0,3.0,6.0,48.0,200.0,1.0,0.6,10000.0,128.0,10.0,200.0,36.6015,0.0,-196036802.56410256,19059.96153846154,0.0,0.0,395.8570512820513,23.102564102564106,0.0,0.0
183.0,216.0,24.0,3.0,6.0,96.0,200.0,1.0,0.6,10000.0,128.0,10.0,200.0,36.16825,0.0,-197997637.6315789,16931.983918128655,0.0,0.0,1.469078947368421,24.42828947368421,0.0,0.0
183.0,48.0,6.0,4.0,8.0,48.0,200.0,1.0,0.6,10000.0,128.0,10.0,200.0,64.96799999999999,0.0,-225022714.65807328,69814.63131313129,0.0,0.0,923.622738579828,9.204794210764359,0.0,0.0
191.0,64.0,16.0,2.0,4.0,192.0,200.0,1.0,0.6,10000.0,128.0,10.0,200.0,30.4585,0.0,-170770511.91666666,5653.945919152462,0.0,0.0,0.0,22.88853632086999,0.0,0.0
191.0,24.0,4.0,3.0,6.0,48.0,200.0,1.0,0.6,10000.0,128.0,10.0,200.0,33.075,0.0,-169780961.11288515,14064.286099439778,0.0,0.0,0.0,13.809255368814194,0.0,0.0
191.0,64.0,16.0,2.0,4.0,48.0,200.0,1.0,0.6,10000.0,128.0,10.0,200.0,26.7815,0.0,-170821504.99770117,5674.852550287356,0.0,0.0,0.0,20.95278735632184,0.0,0.0
191.0,8.0,2.0,2.0,4.0,48.0,200.0,1.0,0.6,10000.0,128.0,10.0,200.0,81.28375,0.0,-169669299.92283422,24310.27791523236,0.14397590361445786,0.0,0.0,12.589707873305066,0.0,0.0
191.0,64.0,8.0,4.0,8.0,48.0,200.0,1.0,0.6,10000.0,128.0,30.0,200.0,31.873,0.0,-170729853.77723452,10121.923605010184,0.0,0.0,0.0,17.150101222307104,0.0,0.0
202.0,32.0,4.0,4.0,8.0,48.0,200.0,1.0,0.6,10000.0,128.0,10.0,200.0,17.053,0.0,-230002555.90000004,114671.53993055555,0.0,0.0,255.01388888888889,16.762704678362574,0.0,0.0
202.0,48.0,12.0,2.0,4.0,48.0,200.0,1.0,0.5,10000.0,128.0,10.0,200.0,13.23825,0.0,-178539200.45833334,4946.755121527777,0.0,0.0,0.0,34.57145833333334,0.0,0.0
202.0,48.0,12.0,2.0,4.0,48.0,200.0,1.0,0.6,10000.0,128.0,10.0,200.0,13.96375,0.0,-177964982.08333334,5175.530555555556,0.0,0.0,0.0,31.34697916666667,0.0,0.0
202.0,32.0,4.0,4.0,8.0,96.0,200.0,1.0,0.6,10000.0,128.0,10.0,200.0,17.852999999999994,0.0,-183683176.9153439,19095.45206679894,0.0,0.0,1013.3313185742132,19.42076649958229,0.0,0.0
202.0,96.0,16.0,2.0,4.0,96.0,200.0,1.0,0.6,10000.0,128.0,10.0,200.0,19.33925,0.0,-178700949.71223512,4800.295099547907,0.0,0.0,0.0,29.06986933737506,0.0,0.0
216.0,216.0,24.0,3.0,6.0,48.0,200.0,1.0,0.55,10000.0,128.0,10.0,200.0,6.1195,0.0,-227984369.5,36818.73263888888,0.0,0.0,0.0,82.225,0.0,0.0
216.0,48.0,4.0,4.0,8.0,48.0,200.0,1.0,0.6,10000.0,128.0,10.0,200.0,12.0645,0.0,-224756805.2205128,4811302.0010531135,0.0,0.0,728.4162087912086,34.54301282051282,0.0,0.0
216.0,32.0,8.0,2.0,4.0,48.0,200.0,1.0,0.65,10000.0,128.0,10.0,200.0,13.8955,0.0,-170709441.5534314,2533.838258272059,0.0,0.0,0.0,34.67314950980392,0.0,0.0
216.0,32.0,8.0,2.0,4.0,48.0,200.0,1.0,0.6,10000.0,128.0,10.0,200.0,13.3475,0.0,-170287487.28333333,2570.986979166667,0.0,0.0,0.0,32.59760416666666,0.0,0.0
216.0,48.0,4.0,4.0,8.0,384.0,200.0,1.0,0.6,10000.0,128.0,10.0,200.0,13.10925,0.0,-170158088.03333333,4521.841145833333,0.0,0.0,0.0,26.23677083333333,0.0,0.0
225.0,24.0,4.0,3.0,6.0,48.0,200.0,1.0,0.6,10000.0,128.0,30.0,200.0,26.88025,0.0,-165357019.96289,2908.980275041051,0.0,0.0,0.0,24.17965927750411,0.0,0.0
225.0,48.0,6.0,4.0,8.0,48.0,200.0,1.0,0.6,10000.0,128.0,10.0,200.0,17.34525,0.0,-231905890.54736844,104987.55230263161,0.0,0.0,1052.8366447368421,23.429736842105264,0.0,0.0
225.0,48.0,6.0,4.0,8.0,48.0,200.0,1.0,0.6,10000.0,32.0,10.0,200.0,17.13775,0.0,-165276475.4736842,3304.828947368421,0.0,0.0,755.6434210526315,22.988157894736844,0.0,0.0
225.0,216.0,36.0,2.0,4.0,48.0,200.0,1.0,0.6,10000.0,128.0,10.0,200.0,8.39125,0.0,-166195149.9090909,2407.7779220779225,0.7588636363636364,0.0,0.0,94.5490909090909,0.0,0.0
225.0,216.0,36.0,2.0,4.0,48.0,200.0,1.0,0.75,10000.0,128.0,10.0,200.0,8.576,0.0,-166359489.12727273,2382.2468344155845,0.7588636363636364,0.0,0.0,80.99454545454545,0.0,0.0
233.0,24.0,3.0,4.0,8.0,48.0,200.0,1.0,0.6,2000.0,128.0,10.0,200.0,69.171,0.0,-167862637.3922088,4420.104469409046,0.0,0.0,0.0,9.71438920357896,0.0,0.0
233.0,216.0,24.0,3.0,6.0,48.0,200.0,1.0,0.6,10000.0,64.0,10.0,200.0,17.01925,0.0,-168652333.65263158,2972.1468201754387,0.0,0.0,0.0,34.21315789473684,0.0,0.0
233.0,16.0,4.0,2.0,4.0,48.0,200.0,1.0,0.6,2000.0,128.0,10.0,200.0,76.4815,0.0,-176705074.21026134,3680.003110602478,0.0,0.0,567.2426144003675,8.521533266311748,0.0,0.0
233.0,24.0,3.0,4.0,8.0,48.0,200.0,1.0,0.6,10000.0,128.0,10.0,200.0,70.28275,0.0,-214498517.3828673,121398.98697923704,0.0,0.0,556.5020150883462,6.728797109721396,0.0,0.0
233.0,16.0,4.0,2.0,4.0,48.0,200.0,1.0,0.6,10000.0,128.0,10.0,200.0,80.82025,0.0,-168060228.71201882,2951.9661144578313,0.0,0.0,0.0,8.731137966500148,0.0,0.0
242.0,24.0,2.0,4.0,8.0,48.0,200.0,1.0,0.6,2000.0,128.0,10.0,200.0,8.9985,0.0,-167700929.45454547,7059.727272727273,0.3636363636363637,0.0,0.0,30.40454545454545,0.0,0.0
242.0,96.0,8.0,4.0,8.0,48.0,200.0,1.0,0.55,10000.0,128.0,10.0,200.0,3.0752500000000005,0.0,-214542504.0,2738297.91875,0.0,0.0,0.0,94.41,0.0,0.0
242.0,96.0,8.0,4.0,8.0,48.0,200.0,1.0,0.6,10000.0,128.0,10.0,200.0,3.049,0.0,-202343677.9,31454.84375,0.0,0.0,1173.285,82.36625000000002,0.0,0.0
242.0,48.0,4.0,4.0,8.0,48.0,200.0,1.0,0.6,10000.0,128.0,10.0,200.0,5.106,0.0,-226755353.42857143,4814861.446428572,1.7035714285714283,0.0,1092.860714285714,64.46071428571429,0.0,0.0
242.0,24.0,2.0,4.0,8.0,48.0,200.0,1.0,0.6,10000.0,128.0,10.0,200.0,10.71925,0.0,-228229221.88461536,96709.21955128208,0.0,0.0,0.0,25.60048076923077,0.0,0.0
250.0,96.0,8.0,4.0,8.0,96.0,200.0,1.0,0.6,10000.0,128.0,10.0,200.0,13.9615,0.0,-212538643.8897059,43310.17348345589,0.0,0.0,1036.7111213235294,26.968106617647056,0.0,0.0
250.0,96.0,8.0,4.0,8.0,48.0,200.0,1.0,0.6,10000.0,128.0,10.0,200.0,14.3135,0.0,-214258146.0808824,40637.929227941175,0.0,0.0,0.125,29.022610294117648,0.0,0.0
250.0,24.0,2.0,4.0,8.0,480.0,200.0,1.0,0.6,10000.0,128.0,10.0,200.0,48.6975,0.0,-181705649.23320752,24230.31297169812,0.0795,0.0,0.0,10.18925,0.0,0.0
250.0,24.0,6.0,2.0,4.0,24.0,200.0,1.0,0.6,10000.0,128.0,10.0,200.0,31.85375,0.0,-182219334.07619047,9524.267294796706,0.0,0.0,0.0,19.604961166284696,0.0,0.0
250.0,24.0,6.0,2.0,4.0,48.0,200.0,1.0,0.6,10000.0,128.0,10.0,200.0,31.66025,0.0,-182546628.18903103,9602.497562216175,0.0,0.0,0.0,17.630946452444608,0.0,0.0
264.0,8.0,2.0,2.0,4.0,48.0,200.0,1.0,0.6,50000.0,128.0,10.0,200.0,24.72675,0.0,-179470960.35897434,17241.30591168091,0.0,0.0,0.0,11.74269943019943,0.0,0.0
264.0,64.0,8.0,4.0,8.0,48.0,63.0,1.0,0.6,10000.0,128.0,10.0,200.0,4.699,0.0,-234452311.1428572,81746.61979166669,0.0,0.0,0.0,63.41130952380953,0.0,0.0
264.0,64.0,8.0,4.0,8.0,48.0,200.0,1.0,0.6,10000.0,128.0,10.0,200.0,6.151,0.0,-214565340.75,61951.870225694445,0.0,0.0,0.0,42.89930555555555,0.0,0.0
264.0,144.0,36.0,2.0,4.0,48.0,200.0,1.0,0.6,10000.0,128.0,10.0,200.0,6.681416666666666,0.0,-187471821.6002645,12168.591369047619,0.0,0.0,1078.174775132275,102.23203042328043,0.0,0.0
264.0,144.0,36.0,2.0,4.0,48.0,200.0,1.0,0.65,10000.0,128.0,10.0,200.0,6.835125,0.0,-190204268.125,15859.964099702383,0.0,0.0,962.4708333333336,93.70503472222224,0.0,0.0
270.0,12.0,2.0,2.0,4.0,48.0,200.0,1.0,0.6,10000.0,128.0,10.0,200.0,54.7165,0.0,-160969195.51837468,223651.9957262131,0.0,0.0,0.0,8.306814263322885,0.0,0.0
270.0,48.0,4.0,4.0,8.0,12.0,200.0,1.0,0.6,10000.0,128.0,10.0,200.0,17.190166666666666,0.0,-162749654.36382896,297766.16506743716,0.0,0.0,1013.7765694656327,16.413799137790125,0.0,0.0
270.0,144.0,24.0,3.0,6.0,48.0,200.0,1.0,0.6,10000.0,128.0,10.0,200.0,9.30725,0.0,-164469221.62437192,99833.21641719906,0.10192307692307694,0.0,1045.8024747474744,52.613857161357174,0.0,0.0
270.0,144.0,24.0,3.0,6.0,48.0,200.0,1.0,0.6,10000.0,128.0,10.0,216.0,9.109,0.0,-164477638.69335482,101656.26335783556,0.12045454545454548,0.0,977.7372895622896,53.28068898693899,0.0,0.0
270.0,48.0,4.0,4.0,8.0,48.0,200.0,1.0,0.6,10000.0,128.0,10.0,200.0,16.666666666666668,0.0,-162476650.43697682,301110.0047842318,0.0,0.0,987.0688954002652,15.917348431331597,0.0,0.0
285.0,48.0,4.0,4.0,8.0,12.0,200.0,1.0,0.6,10000.0,128.0,10.0,200.0,44.77775000000001,0.25,-237600478.25768685,326034.2460517903,0.0,0.0,0.0,10.754061490867755,0.0,0.0
285.0,24.0,4.0,3.0,6.0,48.0,200.0,1.0,0.6,10000.0,128.0,500.0,200.0,52.3805,0.0,-190658172.03164983,11842.966624579123,0.07272727272727272,0.0,0.0,9.639636617749826,0.0,0.0
285.0,48.0,4.0,4.0,8.0,48.0,200.0,1.0,0.6,10000.0,128.0,10.0,200.0,42.7325,0.0,-191143993.37272727,14322.609280303031,0.08833333333333332,0.0,0.0,9.792403100775195,0.0,0.0
285.0,24.0,4.0,3.0,6.0,48.0,200.0,1.0,0.6,10000.0,128.0,10.0,200.0,56.581,0.0,-190695807.82812965,12545.79750511397,0.0,0.0,0.0,8.292350964348334,0.0,0.0
285.0,48.0,8.0,3.0,6.0,48.0,200.0,1.0,0.6,10000.0,128.0,10.0,200.0,28.22725,0.0,-191826354.0254357,11611.230730904706,0.1282258064516129,0.0,0.0,14.466005747126436,0.0,0.0
298.0,18.0,3.0,2.0,4.0,48.0,200.0,1.0,0.6,10000.0,128.0,10.0,18.0,12.40725,0.0,-190901558.40952381,8545.744047619048,0.0,0.0,0.0,18.910595238095237,0.0,0.0
298.0,32.0,8.0,2.0,4.0,48.0,200.0,1.0,0.6,10000.0,128.0,10.0,48.0,5.32225,0.0,-164302409.78571427,1763.8878348214284,0.0,0.0,0.0,60.761607142857144,0.0,0.0
298.0,18.0,3.0,2.0,4.0,48.0,200.0,1.0,0.6,10000.0,128.0,10.0,200.0,15.175,0.0,-164657148.43137255,2810.084150326798,0.0,0.0,0.0,14.161601307189546,0.0,0.0
298.0,36.0,6.0,2.0,4.0,48.0,35.0,1.0,0.6,10000.0,128.0,10.0,200.0,7.35125,0.0,-164756305.84444445,2509.5606481481477,0.0,0.0,0.0,45.83972222222222,0.0,0.0
298.0,36.0,6.0,2.0,4.0,48.0,200.0,1.0,0.6,10000.0,128.0,10.0,200.0,10.537,0.0,-167809258.4957265,3331.6006851944353,0.0,0.0,1024.895140970141,33.541609085359084,0.0,0.0
302.0,36.0,3.0,4.0,8.0,48.0,200.0,1.0,0.5,10000.0,128.0,10.0,200.0,160.418,0.0,-166750166.31661454,6223.8228287455,0.0,0.0,0.0,7.87961646915368,0.0,0.0
302.0,16.0,4.0,2.0,4.0,480.0,200.0,1.0,0.6,10000.0,128.0,10.0,200.0,192.97575,0.0,-166940987.56753415,3525.972229318032,0.0,0.0,0.0,7.765871525772525,0.0,0.0
302.0,24.0,2.0,4.0,8.0,480.0,200.0,1.0,0.6,10000.0,128.0,10.0,200.0,245.2985,0.0,-166204216.26770872,7649.161430167856,0.0,0.0,0.0,6.16023787219806,0.0,0.0
302.0,36.0,3.0,4.0,8.0,48.0,200.0,1.0,0.6,10000.0,128.0,10.0,200.0,146.524,0.0,-166479601.33038712,5830.2771670835755,0.0,0.0,0.0,6.4296411651709775,0.0,0.0
302.0,16.0,4.0,2.0,4.0,48.0,200.0,1.0,0.6,10000.0,128.0,10.0,200.0,194.00375,0.0,-166648937.91500053,3441.798678195897,0.0,0.0,0.0,5.771469391739515,0.0,0.0
16.0,16.0,4.0,2.0,4.0,48.0,200.0,1.0,0.6,10000.0,128.0,10.0,200.0,10.34675,0.0,-172741894.55128205,5839.161057692309,0.0,0.0,511.0628205128205,30.359455128205127,0.0,0.0
16.0,12.0,3.0,2.0,4.0,48.0,200.0,1.0,0.6,10000.0,128.0,10.0,200.0,13.4865,0.0,-168810808.63333333,5074.322569444445,0.0,0.0,1020.3615625,22.1065625,0.0,0.0
16.0,16.0,4.0,2.0,4.0,48.0,200.0,1.0,0.5,10000.0,128.0,10.0,200.0,10.427499999999998,0.0,-168637547.91025645,4200.385416666666,0.0,0.0,1058.7366987179487,28.58509615384615,0.0,0.0
16.0,64.0,8.0,4.0,8.0,48.0,200.0,1.0,0.6,10000.0,128.0,10.0,200.0,3.94225,0.0,-164395573.95238096,3523.773809523809,0.0,0.0,0.0,133.4690476190476,0.0,0.0
16.0,12.0,3.0,2.0,4.0,48.0,200.0,1.0,0.6,10000.0,128.0,10.0,18.0,10.2905,0.0,-164373813.19230768,2231.159188034188,0.0,0.0,0.0,20.78509615384616,0.0,0.0
27.0,24.0,4.0,3.0,6.0,48.0,200.0,1.0,0.6,10000.0,128.0,50.0,200.0,411.06175,0.25,-166173106.4050951,3849.1621792297087,0.009555288461538462,0.0,712.3990949956943,5.476645433643824,0.0,0.0
27.0,24.0,4.0,3.0,6.0,48.0,200.0,1.0,0.6,10000.0,128.0,10.0,200.0,444.47475,0.25,-176603295.62148526,9172.929944926384,0.0,0.0,725.0534696710373,4.576301450011256,0.0,0.0
27.0,48.0,4.0,4.0,8.0,48.0,200.0,1.0,0.6,10000.0,128.0,10.0,200.0,343.74699999999996,0.25,-175712476.01990864,10167.696501057482,0.0,0.0,691.4717357877342,5.992677998906842,0.0,0.0
27.0,96.0,16.0,2.0,4.0,48.0,200.0,1.0,0.6,10000.0,128.0,10.0,200.0,231.22025,0.0,-167620009.62916538,2254.849960575397,0.0,1185.8302083333333,0.0,11.144446669503234,100.85625,685.1875
27.0,64.0,8.0,4.0,8.0,48.0,200.0,1.0,0.6,10000.0,128.0,30.0,200.0,216.406,0.0,-166752293.7899729,4078.718606336504,0.0,0.0,0.0,7.974839290210121,0.0,0.0
31.0,24.0,3.0,4.0,8.0,48.0,200.0,1.0,0.6,10000.0,512.0,10.0,200.0,175.26525,0.0,-164810164.53140667,4572.684444784187,0.0,0.0,404.0599947510621,5.121853113607779,0.0,0.0
31.0,48.0,4.0,4.0,8.0,48.0,200.0,1.0,0.6,10000.0,128.0,10.0,200.0,133.30650000000003,0.0,-178366991.148199,13201.143226058477,0.0,0.0,692.3383381144855,7.25863653209822,0.0,0.0
31.0,24.0,3.0,4.0,8.0,48.0,200.0,1.0,0.6,10000.0,128.0,10.0,200.0,183.2865,0.25,-178220718.78744137,14175.648778494131,0.0,0.0,410.61233805247116,5.387988349774052,0.0,0.0
31.0,64.0,16.0,2.0,4.0,48.0,200.0,1.0,0.6,10000.0,128.0,10.0,200.0,94.3655,0.0,-166225432.02829355,2058.3913231274773,0.0,0.0,29.915151515151514,16.106729591788927,0.0,0.0
31.0,64.0,16.0,2.0,4.0,48.0,200.0,1.0,0.5,10000.0,128.0,10.0,200.0,95.791,0.0,-166357571.74810582,2133.2350365394313,0.0,0.0,302.9004141985145,14.867051514681735,0.0,0.0
41.0,216.0,24.0,3.0,6.0,48.0,200.0,1.0,0.6,10000.0,128.0,10.0,200.0,120.7765,0.0,-169415718.31017363,4492.2469245115335,0.0,0.0,514.3511196476977,14.3378389499525,0.0,0.0
41.0,216.0,24.0,3.0,6.0,48.0,200.0,1.0,0.55,10000.0,128.0,10.0,200.0,125.77799999999999,0.0,-175216870.1252199,6046.1889770229955,0.0,0.0,0.0,18.915729191748746,0.0,0.0
41.0,64.0,16.0,2.0,4.0,48.0,200.0,1.0,0.6,20000.0,128.0,10.0,200.0,141.144,0.0,-164504460.49186042,2077.496546289124,0.0,0.0,0.0,13.232206309432694,0.0,0.0
41.0,64.0,16.0,2.0,4.0,48.0,200.0,1.0,0.6,10000.0,128.0,10.0,200.0,139.4785,0.0,-164266032.06392044,2229.091778459296,0.02741379310344828,0.0,0.0,13.255505086993727,0.0,0.0
41.0,16.0,4.0,2.0,4.0,48.0,200.0,1.0,0.6,10000.0,128.0,10.0,200.0,390.13875,0.25,-163781267.10318094,3683.98035326697,0.0,0.0,0.0,5.700319784018791,0.0,0.0
53.0,96.0,16.0,2.0,4.0,48.0,200.0,1.0,0.6,50000.0,128.0,10.0,200.0,27.61925,0.0,-197030227.74137932,6643.818460398706,0.13706896551724138,0.0,0.0,20.555033370411564,0.0,0.0
53.0,48.0,8.0,2.0,4.0,48.0,200.0,1.0,0.6,5000.0,128.0,10.0,200.0,40.40774999999999,0.0,-196441537.2097561,8057.215801635694,0.0,0.0,0.0,17.128203639179247,0.0,0.0
53.0,48.0,6.0,4.0,8.0,48.0,200.0,1.0,0.6,10000.0,128.0,10.0,200.0,29.67125,0.0,-211679868.0241936,24494.440818212363,0.0,0.0,1013.3973538306453,29.077041330645162,0.0,0.0
53.0,48.0,8.0,2.0,4.0,48.0,200.0,1.0,0.6,10000.0,128.0,10.0,200.0,43.3455,0.0,-195957803.23750812,8423.127412757898,0.0,0.0,0.0,13.792543984188747,0.0,0.0
53.0,96.0,16.0,2.0,4.0,48.0,200.0,1.0,0.6,10000.0,128.0,10.0,200.0,34.8675,0.0,-205639514.813851,13895.052153728668,0.0,0.0,1030.3062083268583,25.340224508010877,0.0,0.0
61.0,96.0,16.0,2.0,4.0,48.0,200.0,1.0,0.6,5000.0,128.0,10.0,200.0,31.846,0.0,-169316380.1088872,2281.5000381970967,0.0,0.0,0.0,28.18377896613191,0.0,0.0
61.0,48.0,8.0,2.0,4.0,384.0,200.0,1.0,0.6,10000.0,128.0,10.0,200.0,60.2685,0.0,-169032334.97491038,2560.950516833077,0.0,0.0,0.0,14.24326991681566,0.0,0.0
61.0,48.0,8.0,2.0,4.0,48.0,200.0,1.0,0.6,10000.0,128.0,10.0,200.0,59.225,0.0,-169462403.01639345,2519.271004098361,0.0,0.0,215.21448087431702,12.558627049180329,0.0,0.0
61.0,24.0,4.0,3.0,6.0,48.0,200.0,1.0,0.6,10000.0,128.0,10.0,200.0,76.08675,0.0,-169187974.30036628,3802.530740093241,0.0,0.0,0.0,10.418914418914419,0.0,0.0
61.0,96.0,16.0,2.0,4.0,48.0,200.0,1.0,0.6,10000.0,128.0,10.0,200.0,34.367,0.0,-169921286.46246248,2388.0718257319822,0.0,0.0,10312.113790218791,27.791191548691543,0.0,0.0
75.0,36.0,4.0,3.0,6.0,48.0,200.0,1.0,0.65,10000.0,128.0,10.0,200.0,6.98025,0.0,-177528853.11111107,11838.347222222224,0.0,0.0,0.0,31.93888888888889,0.0,0.0
75.0,36.0,4.0,3.0,6.0,48.0,200.0,1.0,0.6,10000.0,128.0,10.0,200.0,7.92725,0.0,-167609113.88888893,4649.261111111111,0.0,0.0,0.0,31.770277777777785,0.0,0.0
75.0,12.0,2.0,2.0,4.0,48.0,200.0,1.0,0.75,10000.0,128.0,10.0,200.0,19.7685,0.0,-167758724.51082247,5501.5627705627685,0.1806818181818182,0.0,989.4796536796537,11.17159090909091,0.0,0.0
75.0,64.0,16.0,2.0,4.0,48.0,200.0,0.0,0.6,10000.0,128.0,10.0,200.0,5.1745,0.0,-172975639.0595238,4730.438585069444,0.0,0.0,1019.7325396825397,99.2935515873016,0.0,0.0
75.0,64.0,16.0,2.0,4.0,48.0,200.0,1.0,0.6,10000.0,128.0,10.0,200.0,5.0873333333333335,0.0,-173249612.22222224,4764.239676339286,0.37857142857142856,0.0,1019.0250496031745,91.26031746031748,0.0,0.0
81.0,16.0,4.0,2.0,4.0,48.0,200.0,1.0,0.6,10000.0,128.0,100.0,200.0,104.02975,0.0,-168205008.1320755,3077.055424528302,0.0,0.0,0.0,7.0561590296495975,0.0,0.0
81.0,48.0,12.0,2.0,4.0,48.0,200.0,1.0,0.6,5000.0,128.0,10.0,200.0,39.733000000000004,0.0,-168193672.42741,2094.484852884243,0.0,0.0,0.0,18.409117305458764,0.0,0.0
81.0,48.0,12.0,2.0,4.0,48.0,200.0,1.0,0.6,10000.0,128.0,10.0,200.0,46.33075,0.0,-168153560.24765956,2327.267526595745,0.0,0.0,0.0,18.96084042553192,0.0,0.0
81.0,216.0,18.0,4.0,8.0,48.0,200.0,1.0,0.6,10000.0,128.0,10.0,200.0,25.68508333333333,0.0,-172774463.81712678,4934.244097383034,0.0,0.0,1021.7630738998123,21.733048655261307,0.0,0.0
81.0,216.0,18.0,4.0,8.0,48.0,200.0,1.0,0.6,10000.0,128.0,30.0,200.0,24.87933333333333,0.0,-172434221.9949792,4821.547525870255,0.0,0.0,1004.8549961194617,21.38641343288469,0.0,0.0
91.0,24.0,6.0,2.0,4.0,480.0,200.0,1.0,0.6,10000.0,128.0,10.0,200.0,13.62125,0.0,-214042013.41666663,23551.9546875,0.0,0.0,0.0,27.45291666666667,0.0,0.0
91.0,48.0,4.0,4.0,8.0,48.0,200.0,1.0,0.6,10000.0,128.0,10.0,200.0,10.766749999999998,0.0,-222594418.9358974,46661.77283653847,0.0,0.0,955.6828525641026,29.1713141025641,0.0,0.0
91.0,48.0,4.0,4.0,8.0,48.0,200.0,0.0,0.6,10000.0,128.0,10.0,200.0,10.4495,0.0,-219742972.4102564,33080.81169871795,0.0,0.0,0.0,30.04294871794872,0.0,0.0
91.0,24.0,6.0,2.0,4.0,48.0,200.0,1.0,0.6,10000.0,128.0,10.0,200.0,14.6145,0.0,-162355042.27205884,1319.3535539215684,0.0,0.0,0.0,27.32628676470589,0.0,0.0
91.0,18.0,3.0,2.0,4.0,192.0,200.0,1.0,0.6,10000.0,128.0,10.0,200.0,26.9275,0.0,-161862859.3272578,1688.3527435686915,0.0,0.0,0.0,11.975492610837438,0.0,0.0
124.0,48.0,4.0,4.0,8.0,48.0,200.0,1.0,0.6,10000.0,128.0,10.0,200.0,24.34325,0.0,-225965854.71225068,74524.45014245015,0.0,0.0,820.89048005698,12.920143874643875,0.0,0.0
124.0,144.0,24.0,3.0,6.0,48.0,200.0,1.0,0.6,2000.0,128.0,10.0,200.0,9.133,0.0,-165128571.1969697,2479.5324074074074,0.0,0.0,0.0,65.71742424242424,0.0,0.0
124.0,144.0,24.0,3.0,6.0,48.0,200.0,1.0,0.6,10000.0,128.0,10.0,200.0,8.51475,0.0,-191367442.7090909,11998.671085858585,0.0,0.0,137.75909090909093,65.44113636363636,0.0,0.0
124.0,8.0,2.0,2.0,4.0,48.0,200.0,1.0,0.6,10000.0,512.0,10.0,200.0,79.57724999999998,0.0,-163251779.95974866,2931.473505131637,0.0,0.0,0.0,6.79591900007437,0.0,0.0
124.0,48.0,4.0,4.0,8.0,48.0,200.0,0.0,0.6,10000.0,128.0,10.0,200.0,22.314,0.0,-221190778.75,34748.16145833333,0.0,0.0,0.0,16.331249999999994,0.0,0.0
131.0,24.0,3.0,4.0,8.0,24.0,200.0,1.0,0.6,10000.0,128.0,10.0,200.0,22.683000000000003,0.0,-193046944.97666663,32791.269305555565,0.165625,0.0,0.0,13.633833333333332,0.0,0.0
131.0,24.0,6.0,2.0,4.0,48.0,200.0,1.0,0.6,20000.0,128.0,10.0,200.0,22.0085,0.0,-168489612.99999997,2567.7361111111113,0.0,0.0,0.0,16.996965579710146,0.0,0.0
131.0,32.0,4.0,4.0,8.0,48.0,200.0,1.0,0.55,10000.0,128.0,10.0,200.0,17.3375,0.0,-186270126.29473683,40280.17680921053,0.0,0.0,0.0,22.131907894736838,0.0,0.0
131.0,24.0,3.0,4.0,8.0,48.0,200.0,1.0,0.6,10000.0,128.0,10.0,200.0,22.7825,0.0,-191174826.24,28111.66333333333,0.0,0.0,994.875,15.363,0.0,0.0
131.0,24.0,6.0,2.0,4.0,48.0,200.0,1.0,0.6,10000.0,128.0,10.0,200.0,23.58325,0.0,-168240004.31076923,2642.3117307692305,0.0,0.0,0.0,22.52601923076923,0.0,0.0
148.0,24.0,4.0,3.0,6.0,48.0,200.0,1.0,0.6,10000.0,64.0,10.0,200.0,8.03425,0.25,-163907464.2,2133.89375,0.0,0.0,254.93250000000003,38.27500000000001,0.0,0.0
148.0,144.0,36.0,2.0,4.0,48.0,200.0,1.0,0.6,10000.0,128.0,300.0,200.0,3.10975,0.25,-165442782.8,1616.3468750000006,0.795,0.0,0.0,167.66500000000005,0.0,0.0
148.0,144.0,36.0,2.0,4.0,48.0,200.0,1.0,0.6,10000.0,128.0,10.0,200.0,3.202,0.0,-165525423.2,1753.7321428571427,0.795,0.0,0.0,193.28,0.0,0.0
148.0,24.0,4.0,3.0,6.0,48.0,200.0,1.0,0.6,10000.0,128.0,10.0,200.0,8.153749999999999,0.0,-164232437.9939394,2052.3396464646466,0.0,0.0,0.0,51.19305555555556,0.0,0.0
148.0,16.0,4.0,2.0,4.0,48.0,200.0,1.0,0.6,10000.0,128.0,10.0,200.0,11.22775,0.0,-164357648.05494505,1642.5339972527472,0.0,0.0,0.0,32.166758241758245,0.0,0.0
157.0,24.0,3.0,4.0,8.0,48.0,200.0,1.0,0.6,10000.0,128.0,30.0,200.0,7.85075,0.0,-164802939.86666667,3996.1787037037043,0.0,0.0,0.0,40.950555555555546,0.0,0.0
157.0,24.0,3.0,4.0,8.0,48.0,200.0,1.0,0.6,10000.0,128.0,10.0,200.0,7.667000000000002,0.0,-194753822.15555555,33331.243518518524,0.0,0.0,226.74444444444444,23.68416666666667,0.0,0.0
157.0,24.0,2.0,4.0,8.0,48.0,200.0,1.0,0.6,10000.0,128.0,10.0,200.0,12.02225,0.0,-221727447.42857143,68420.96428571429,0.0,0.0,0.0,17.67142857142857,0.0,0.0
157.0,144.0,36.0,2.0,4.0,48.0,200.0,1.0,0.6,10000.0,128.0,10.0,200.0,3.72625,0.0,-166782362.0666667,2531.637202380952,0.6625,0.0,0.0,178.985,0.0,0.0
157.0,144.0,36.0,2.0,4.0,48.0,200.0,1.0,0.6,5000.0,128.0,10.0,200.0,3.665,0.0,-170055693.6888889,3356.531448412699,0.0,0.0,1036.3202777777776,171.92,0.0,0.0
167.0,48.0,12.0,2.0,4.0,48.0,200.0,1.0,0.6,10000.0,128.0,10.0,48.0,11.42425,0.0,-168068216.37362638,1837.437156593407,0.0,0.0,0.0,46.949313186813185,0.0,0.0
167.0,216.0,36.0,2.0,4.0,480.0,200.0,1.0,0.6,10000.0,128.0,10.0,200.0,8.2035,0.0,-180327603.0181818,5582.148457792207,0.7227272727272728,0.0,0.0,95.2815909090909,0.0,0.0
167.0,144.0,24.0,3.0,6.0,48.0,200.0,1.0,0.6,10000.0,128.0,10.0,200.0,8.158999999999999,0.0,-195091632.0,14243.122222222222,0.0,0.0,45.59,63.675,0.0,0.0
167.0,144.0,24.0,3.0,6.0,48.0,200.0,0.0,0.6,10000.0,128.0,10.0,200.0,8.14875,0.0,-225540201.4,26469.89583333333,0.0,0.0,996.5577272727272,60.23181818181818,0.0,0.0
167.0,216.0,36.0,2.0,4.0,48.0,200.0,1.0,0.6,10000.0,128.0,10.0,200.0,9.527166666666666,0.0,-172491561.49223,3249.785374347874,0.0,0.0,1000.3397095959593,85.90113636363634,0.0,0.0
171.0,72.0,8.0,3.0,6.0,48.0,200.0,1.0,0.6,10000.0,512.0,10.0,200.0,11.43925,0.0,-169689316.2087912,2362.205013736264,1.4633241758241755,0.0,0.0,40.38159340659341,0.0,0.0
171.0,72.0,8.0,3.0,6.0,48.0,200.0,1.0,0.6,10000.0,128.0,10.0,200.0,11.0925,0.0,-193564599.23076925,17515.377403846152,0.0,0.0,745.4326923076924,38.39919871794872,0.0,0.0
171.0,12.0,3.0,2.0,4.0,48.0,200.0,1.0,0.6,10000.0,128.0,10.0,200.0,36.932,0.0,-169624355.77867746,2889.0874943769677,0.0,0.0,996.9394568151146,10.727361673414304,0.0,0.0
171.0,12.0,3.0,2.0,4.0,48.0,200.0,1.0,0.7,10000.0,128.0,10.0,200.0,37.6045,0.0,-168658555.07692307,2988.1353632478636,0.0,0.0,0.0,17.541522435897438,0.0,0.0
171.0,36.0,4.0,3.0,6.0,48.0,200.0,1.0,0.6,10000.0,128.0,10.0,200.0,20.46475,0.0,-169265235.9604743,2937.266304347826,0.0,0.0,0.0,20.72509881422925,0.0,0.0
182.0,24.0,6.0,2.0,4.0,48.0,200.0,1.0,0.6,10000.0,128.0,500.0,200.0,91.6065,0.0,-171782209.73186916,12319.880233356209,0.0,0.0,0.0,9.727147677876916,0.0,0.0
182.0,16.0,4.0,2.0,4.0,48.0,200.0,1.0,0.65,10000.0,128.0,10.0,200.0,132.002,0.0,-171486125.79735076,16794.305758436305,0.0,0.0,0.0,8.256255207217501,0.0,0.0
182.0,24.0,4.0,3.0,6.0,48.0,200.0,1.0,0.6,10000.0,128.0,10.0,200.0,93.5185,0.0,-171006102.96381578,17811.537061403506,0.0,0.0,0.0,7.76921052631579,0.0,0.0
182.0,24.0,6.0,2.0,4.0,48.0,200.0,1.0,0.6,10000.0,128.0,10.0,200.0,95.32225,0.0,-172337611.03199294,12911.661967879942,0.0,0.0,0.0,9.174742268041236,0.0,0.0
182.0,16.0,4.0,2.0,4.0,48.0,200.0,1.0,0.6,10000.0,128.0,10.0,200.0,133.23275,0.0,-171743498.34794167,16874.565007326517,0.0,0.0,0.0,6.423977477807043,0.0,0.0
193.0,216.0,24.0,3.0,6.0,48.0,200.0,1.0,0.6,10000.0,128.0,10.0,200.0,23.36475,0.0,-198847212.08,33376.30119658119,0.3057692307692308,0.0,765.0846153846153,20.88926923076923,0.0,0.0
193.0,72.0,8.0,3.0,6.0,12.0,200.0,1.0,0.6,10000.0,128.0,10.0,200.0,31.34525,0.0,-191456891.10338682,21334.570159313727,0.0,0.0,0.0,14.869595309714795,0.0,0.0
193.0,96.0,16.0,2.0,4.0,48.0,200.0,1.0,0.6,1000.0,128.0,10.0,200.0,24.610750000000003,0.0,-171512153.56125358,5463.08869747151,0.0,0.0,0.0,23.8465811965812,0.0,0.0
193.0,72.0,8.0,3.0,6.0,48.0,200.0,1.0,0.6,10000.0,128.0,10.0,200.0,35.10225,0.0,-171067206.02520943,9521.606517701912,0.0,0.0,0.0,17.844892919235026,0.0,0.0
193.0,96.0,16.0,2.0,4.0,48.0,200.0,1.0,0.6,10000.0,128.0,10.0,200.0,27.02825,0.0,-171444450.682266,5756.882543103448,0.0,0.0,2052.3467672413794,20.90418719211823,0.0,0.0
203.0,12.0,2.0,2.0,4.0,48.0,200.0,1.0,0.6,10000.0,128.0,10.0,12.0,34.4035,0.0,-176750086.0165165,3941.390202702704,0.10810810810810813,0.0,0.0,11.242790111540112,0.0,0.0
203.0,36.0,3.0,4.0,8.0,48.0,200.0,1.0,0.6,10000.0,128.0,10.0,200.0,19.42275,0.0,-209323480.35497835,80460.97312409812,0.0,0.0,1111.1958333333332,11.640800865800864,0.0,0.0
203.0,36.0,3.0,4.0,8.0,48.0,200.0,1.0,0.6,10000.0,128.0,300.0,200.0,20.674750000000003,0.0,-177696263.06620553,11320.969230346947,0.0,0.0,0.0,15.446278585544887,0.0,0.0
203.0,12.0,2.0,2.0,4.0,48.0,200.0,1.0,0.6,10000.0,128.0,10.0,200.0,56.45975000000001,0.0,-177162142.96498775,12254.749473138754,0.0,0.0,0.0,16.12651746754619,0.0,0.0
203.0,48.0,8.0,3.0,6.0,48.0,200.0,0.0,0.6,10000.0,128.0,10.0,200.0,11.6955,0.0,-177337890.2087912,6365.1911744505505,0.0,0.0,0.0,35.04037545787545,0.0,0.0
210.0,36.0,6.0,2.0,4.0,48.0,200.0,1.0,0.6,1000.0,128.0,10.0,200.0,19.43075,0.0,-170133811.46320346,2571.667117604617,0.1806818181818182,0.0,0.0,16.633603896103896,0.0,0.0
210.0,48.0,12.0,2.0,4.0,48.0,200.0,1.0,0.6,10000.0,256.0,10.0,200.0,12.21775,0.0,-170714381.0,2269.206845238095,0.0,0.0,0.0,45.207142857142856,0.0,0.0
210.0,18.0,3.0,2.0,4.0,48.0,200.0,1.0,0.6,1000.0,128.0,10.0,200.0,37.586999999999996,0.0,-169990919.4287219,3612.3709894753297,0.0,0.0,0.0,16.788871457489883,0.0,0.0
210.0,48.0,12.0,2.0,4.0,48.0,200.0,1.0,0.6,10000.0,128.0,10.0,200.0,13.87625,0.0,-170884682.25,2449.130208333333,0.0,0.0,0.0,31.1046875,0.0,0.0
210.0,36.0,6.0,2.0,4.0,48.0,200.0,1.0,0.6,10000.0,128.0,10.0,200.0,29.31425,0.0,-174674838.35278237,4600.496325423547,0.0,0.0,1023.6324198098779,18.04342864029392,0.0,0.0
224.0,72.0,8.0,3.0,6.0,48.0,200.0,1.0,0.6,10000.0,32.0,10.0,200.0,14.47975,0.0,-175591806.4117647,4399.412339154413,0.0,0.0,1020.2217830882353,36.82840073529412,0.0,0.0
224.0,64.0,16.0,2.0,4.0,12.0,200.0,1.0,0.6,10000.0,128.0,10.0,200.0,12.001,0.0,-165762063.94285715,1885.8209821428568,0.0,0.0,0.0,73.68202380952381,0.0,0.0
224.0,72.0,8.0,3.0,6.0,48.0,200.0,1.0,0.6,10000.0,128.0,10.0,200.0,15.3335,0.0,-165654340.8627451,2676.2078227124184,0.22083333333333333,0.0,0.0,21.12573529411765,0.0,0.0
224.0,18.0,3.0,2.0,4.0,48.0,200.0,1.0,0.6,10000.0,128.0,10.0,200.0,53.93525,0.0,-164979772.28766233,2832.4295995671,0.0,0.0,0.0,20.98796266233766,0.0,0.0
224.0,18.0,3.0,2.0,4.0,48.0,200.0,1.0,0.65,10000.0,128.0,10.0,200.0,53.2955,0.0,-165297138.36753246,2643.0872835497835,0.0,0.0,0.0,8.480454545454545,0.0,0.0
236.0,72.0,6.0,4.0,8.0,48.0,200.0,1.0,0.6,10000.0,128.0,10.0,200.0,35.4595,0.0,-212103697.8221906,65251.43388454244,0.0,0.0,999.2849217638693,11.488175675675675,0.0,0.0
236.0,16.0,4.0,2.0,4.0,48.0,200.0,1.0,0.6,100000.0,128.0,10.0,200.0,77.16325,0.0,-168355979.73512658,2756.0540842563287,0.0,0.0,0.0,6.910978375527426,0.0,0.0
236.0,8.0,2.0,2.0,4.0,48.0,200.0,1.0,0.6,2000.0,128.0,10.0,200.0,185.9415,0.0,-168085215.30159032,4565.447377283601,0.02103174603174604,0.0,407.6704325381174,5.489615367091976,0.0,0.0
236.0,8.0,2.0,2.0,4.0,48.0,200.0,1.0,0.6,10000.0,128.0,10.0,200.0,193.79925,0.0,-168028572.26144388,5171.9021171178365,0.0,0.0,0.0,4.875134125815274,0.0,0.0
236.0,16.0,4.0,2.0,4.0,48.0,200.0,1.0,0.6,10000.0,128.0,10.0,200.0,81.7935,0.0,-168174098.9879248,2892.7866906702448,0.0,0.0,0.0,7.578025695732304,0.0,0.0
240.0,48.0,12.0,2.0,4.0,48.0,200.0,1.0,0.6,10000.0,128.0,10.0,72.0,4.59375,0.0,-208978970.47619048,6325.790178571428,2.4642857142857126,0.0,0.0,105.81190476190477,0.0,0.0
240.0,216.0,36.0,2.0,4.0,48.0,200.0,1.0,0.6,10000.0,128.0,10.0,144.0,3.762,0.0,-171124420.46666664,3121.050595238095,0.6625,0.0,0.0,180.8375,0.0,0.0
240.0,216.0,24.0,3.0,6.0,48.0,200.0,1.0,0.65,10000.0,128.0,10.0,200.0,3.00925,0.0,-194956210.0,1299250.8166666671,0.0,0.0,0.0,132.495,0.0,0.0
240.0,216.0,24.0,3.0,6.0,48.0,200.0,1.0,0.6,10000.0,128.0,10.0,200.0,3.0669999999999997,0.0,-206705829.6,45733.1,0.0,0.0,1172.575,82.3925,0.0,0.0
240.0,216.0,36.0,2.0,4.0,48.0,200.0,1.0,0.6,10000.0,128.0,10.0,200.0,4.191916666666667,0.0,-175530729.88888893,4818.238945578231,0.5994047619047619,0.0,994.4668650793652,161.3198412698413,0.0,0.0
252.0,36.0,6.0,2.0,4.0,48.0,200.0,1.0,0.6,10000.0,128.0,10.0,200.0,41.80875,0.0,-182613589.77004832,9039.591524360558,0.0,0.0,0.0,14.530773990081371,0.0,0.0
252.0,96.0,16.0,2.0,4.0,48.0,200.0,0.0,0.6,10000.0,128.0,10.0,200.0,23.434,0.0,-183110571.30153844,7050.499567307693,0.0,0.0,0.0,29.857,0.0,0.0
252.0,48.0,12.0,2.0,4.0,48.0,200.0,0.0,0.6,10000.0,128.0,10.0,200.0,18.34925,0.0,-183161624.3861244,7280.403090111643,0.0,0.0,0.0,33.767888755980856,0.0,0.0
252.0,96.0,16.0,2.0,4.0,48.0,200.0,1.0,0.6,10000.0,128.0,10.0,200.0,18.92625,0.0,-182866367.03203464,7066.738372564935,0.0,0.0,0.0,40.95268939393939,0.0,0.0
252.0,48.0,12.0,2.0,4.0,48.0,200.0,1.0,0.6,10000.0,128.0,10.0,200.0,19.210416666666664,0.0,-189498276.62626263,14455.354166666664,0.0,0.0,1012.2762770562773,27.08856240981241,0.0,0.0
266.0,144.0,24.0,3.0,6.0,48.0,200.0,1.0,0.6,10000.0,128.0,10.0,200.0,6.44075,0.0,-217913255.77777776,39589.7644675926,0.0,0.0,901.8541666666664,70.29166666666666,0.0,0.0
266.0,16.0,4.0,2.0,4.0,48.0,200.0,1.0,0.6,5000.0,128.0,10.0,200.0,18.572,0.0,-180394119.13333333,10486.26369047619,0.0,0.0,0.0,19.57297619047619,0.0,0.0
266.0,48.0,12.0,2.0,4.0,48.0,200.0,1.0,0.6,10000.0,128.0,10.0,200.0,9.509,0.0,-180796438.98484847,6908.411458333332,0.0,0.0,0.0,39.758143939393946,0.0,0.0
266.0,16.0,4.0,2.0,4.0,48.0,200.0,1.0,0.6,10000.0,128.0,10.0,200.0,18.98825,0.0,-179757371.14285713,10953.455357142857,0.0,0.0,0.0,23.05833333333333,0.0,0.0
266.0,144.0,24.0,3.0,6.0,48.0,200.0,1.0,0.6,10000.0,128.0,10.0,216.0,7.23575,0.0,-187065400.4449495,16978.202528759823,0.0,0.0,0.0,69.97173611111111,0.0,0.0
275.0,36.0,3.0,4.0,8.0,48.0,200.0,1.0,0.6,10000.0,128.0,10.0,200.0,20.4045,0.0,-159929847.60474306,180287.4879776021,0.0,0.0,0.0,15.745108695652174,0.0,0.0
275.0,36.0,3.0,4.0,8.0,480.0,200.0,1.0,0.6,10000.0,128.0,10.0,200.0,20.32875,0.0,-159746010.94044796,179239.5420015371,0.0,0.0,0.0,10.565016469038207,0.0,0.0
275.0,48.0,6.0,4.0,8.0,48.0,200.0,1.0,0.6,10000.0,128.0,10.0,200.0,12.356833333333332,0.0,-162992087.45828667,224456.58976981285,0.0,1483.0369532428358,1772.4093204365086,22.2434126984127,0.0,0.0
275.0,72.0,8.0,3.0,6.0,48.0,200.0,0.0,0.6,10000.0,128.0,10.0,200.0,12.1705,0.08333333333333333,-163008117.16260684,160255.90264089208,0.0,0.0,354.1930608974358,27.429107524420022,0.0,0.0
275.0,72.0,8.0,3.0,6.0,48.0,200.0,1.0,0.6,10000.0,128.0,10.0,200.0,11.930416666666668,0.0,-163017243.71501833,161123.76504502445,0.0,0.0,1056.4456440781441,30.38967948717949,0.0,0.0
284.0,64.0,8.0,4.0,8.0,48.0,200.0,1.0,0.55,10000.0,128.0,10.0,200.0,23.82725,0.0,-238656402.45754987,205023.41911324786,0.0,0.0,997.9434173789177,16.336219373219365,0.0,0.0
284.0,96.0,16.0,2.0,4.0,48.0,200.0,1.0,0.6,10000.0,128.0,300.0,200.0,18.318250000000006,0.0,-192550370.3238095,10310.426302083333,0.5880357142857142,0.0,0.0,32.81725563909774,0.0,0.0
284.0,64.0,8.0,4.0,8.0,48.0,200.0,1.0,0.6,10000.0,128.0,10.0,200.0,24.01475,0.0,-233778282.6942857,77793.41091346153,0.0,0.0,0.0,14.87901923076923,0.0,0.0
284.0,24.0,2.0,4.0,8.0,48.0,200.0,1.0,0.6,10000.0,128.0,10.0,200.0,64.03125,0.0,-190444620.5123196,20322.32080158648,0.0,0.0,0.0,6.382916914009497,0.0,0.0
284.0,96.0,16.0,2.0,4.0,48.0,200.0,1.0,0.6,10000.0,128.0,10.0,200.0,20.90975,0.0,-192585259.65928856,9995.362028162055,0.159,0.0,0.0,27.38022924901185,0.0,0.0
296.0,48.0,4.0,4.0,8.0,48.0,200.0,1.0,0.6,10000.0,128.0,30.0,200.0,15.03725,0.0,-164748301.6470588,3729.2573529411766,0.0,0.0,0.0,25.045588235294108,0.0,0.0
296.0,48.0,4.0,4.0,8.0,48.0,200.0,1.0,0.6,10000.0,128.0,10.0,200.0,16.61925,0.25,-228754477.78947365,81622.09539473684,0.20921052631578949,0.0,7.440789473684211,20.681652046783626,0.0,0.0
296.0,18.0,3.0,2.0,4.0,48.0,200.0,1.0,0.6,10000.0,128.0,10.0,18.0,34.563,0.0,-188481568.3453453,7430.53053053053,0.0,0.0,437.7597785285286,11.111561561561565,0.0,0.0
296.0,18.0,3.0,2.0,4.0,48.0,200.0,1.0,0.6,10000.0,128.0,10.0,200.0,36.93925,0.0,-164343037.6383266,2960.520580296896,0.0,0.0,0.0,14.08178137651822,0.0,0.0
296.0,24.0,4.0,2.0,4.0,48.0,200.0,1.0,0.6,10000.0,128.0,10.0,200.0,27.2335,0.0,-164780498.0689655,2492.9245689655168,0.0,0.0,0.0,16.65344827586207,0.0,0.0
305.0,64.0,8.0,4.0,8.0,48.0,200.0,1.0,0.55,10000.0,128.0,10.0,200.0,61.0555,0.0,-238383130.640281,215654.47713978696,0.0,0.0,1017.1061933963773,39.750960861495145,0.0,0.0
305.0,16.0,2.0,4.0,8.0,48.0,200.0,1.0,0.6,10000.0,128.0,10.0,24.0,223.4095,0.0,-165951570.0486735,4138.995818833139,0.0,0.0,0.0,5.3309922171302135,0.0,0.0
305.0,64.0,8.0,4.0,8.0,48.0,200.0,1.0,0.6,10000.0,128.0,10.0,200.0,64.36425,0.0,-233328169.9285392,89886.97440355043,0.0,0.0,0.0,11.714597467209408,0.0,0.0
305.0,32.0,8.0,2.0,4.0,48.0,31.0,1.0,0.6,10000.0,128.0,10.0,200.0,108.05975,0.0,-167028698.89090908,2791.6731853073875,0.0,0.0,0.0,9.940998748957462,0.0,0.0
305.0,32.0,8.0,2.0,4.0,48.0,200.0,1.0,0.6,10000.0,128.0,10.0,200.0,105.50725,0.0,-167378910.68363518,2775.659175763697,0.0,0.0,672.8312255229195,11.040158235672257,0.0,0.0
38.0,144.0,18.0,4.0,8.0,48.0,200.0,1.0,0.6,10000.0,128.0,10.0,200.0,7.032716263356035e-05,0.0,5.205402115779878e-05,2.891497195238391e-06,0.0,0.0,0.0,2.475620234389142e-05,0.0,0.0
38.0,144.0,18.0,4.0,8.0,48.0,200.0,1.0,0.7,10000.0,128.0,10.0,200.0,6.953079098460704e-05,0.0,4.9424410710344647e-05,1.8016464415779459e-06,0.0,0.0,4.527488802827881e-05,2.2955200089580182e-05,0.0,0.0
38.0,72.0,12.0,2.0,4.0,48.0,200.0,0.0,0.6,10000.0,128.0,10.0,200.0,0.00013888943092600368,0.0,4.8307732754982285e-05,7.347325302503838e-07,0.0,0.0,0.0,1.9390240083479426e-05,0.0,0.0
38.0,72.0,12.0,2.0,4.0,48.0,200.0,1.0,0.6,10000.0,128.0,10.0,200.0,0.00010399607597865968,0.0,4.842840936856176e-05,7.586376156843997e-07,0.0,0.0,0.00017336303877380784,1.7529251532154844e-05,0.0,0.0
38.0,24.0,4.0,2.0,4.0,12.0,200.0,1.0,0.6,10000.0,128.0,10.0,200.0,0.0002380844312290697,0.0,4.80384904996182e-05,1.1344414864732098e-06,0.0,0.0,0.00026183996324011716,8.591953878489906e-06,0.0,0.0
38.0,64.0,8.0,4.0,8.0,48.0,200.0,1.0,0.6,10000.0,128.0,30.0,200.0,8.791126094668518e-05,0.0,4.823872965612145e-05,1.2723363181452222e-06,0.0,0.0,0.0,1.7424520120223727e-05,0.0,0.0
